data,cdi_index,cdi_retorno_diario_pct,cdi_acumulado_desde_inicio_pct
2017-04-03,232334.8,,0.0
2017-04-04,232440.4,0.04545164994653739,0.04545164994653739
2017-04-05,232546.0,0.04543100080709461,0.09090329989309698
2017-04-06,232651.7,0.04545337266605998,0.1363979911748192
2017-04-07,232757.4,0.04543272196162462,0.18189268245651924
2017-04-10,232863.2,0.04545505320132648,0.22743041507342632
2017-04-11,232969.0,0.045434400970179034,0.2729681476903112
2017-04-12,233074.9,0.04545669166282629,0.3185489216423809
2017-04-13,233180.8,0.045436037943158425,0.36412969559445063
2017-04-14,233180.8,0.0,0.36412969559445063
2017-04-17,233278.5,0.04189881842759924,0.40618108006205134
2017-04-18,233376.2,0.041881270670041104,0.44823246452965204
2017-04-19,233473.9,0.0418637376047748,0.49028384899723054
2017-04-20,233571.7,0.041889050553400864,0.5323782747999939
2017-04-21,233571.7,0.0,0.5323782747999939
2017-04-24,233669.5,0.04187151097498898,0.5744727006027572
2017-04-25,233767.4,0.041896781565409213,0.6166101677406832
2017-04-26,233865.3,0.041879235513597735,0.6587476348786314
2017-04-27,233963.3,0.041904463808872805,0.7009281433517422
2017-04-28,234061.3,0.04188691132327449,0.7431086518248753
2017-05-02,234159.3,0.04186937353589659,0.7852891602979861
2017-05-03,234257.4,0.04189455639813655,0.8275127101062818
2017-05-04,234355.5,0.04187701220965678,0.8697362599145775
2017-05-05,234453.7,0.04190215292578792,0.912002851058058
2017-05-08,234551.9,0.0418846023756414,0.9542694422015163
2017-05-09,234650.1,0.04186706652131722,0.9965360333449969
2017-05-10,234748.4,0.041892161989265375,1.03884566582364
2017-05-11,234846.8,0.041917218605114215,1.0811983396374458
2017-05-12,234945.1,0.04185707448431941,1.1235079721161112
2017-05-15,235043.5,0.04188212480276121,1.1658606459299392
2017-05-16,235142.0,0.04190713633860366,1.2082563610789299
2017-05-17,235240.5,0.041889581614507065,1.2506520762279205
2017-05-18,235339.0,0.041872041591473064,1.2930477913769334
2017-05-19,235437.6,0.04189700814569708,1.3354865478611089
2017-05-22,235536.2,0.04187946190412628,1.3779253043452844
2017-05-23,235634.8,0.041861930352937726,1.4203640608294599
2017-05-24,235733.5,0.04188685202695108,1.4628458586488202
2017-05-25,235832.3,0.04191173507370749,1.5053706978033432
2017-05-26,235931.1,0.04189417649747007,1.5478955369578884
2017-05-29,236029.9,0.0418766326270692,1.5904203761124114
2017-05-30,236128.8,0.04190147095770591,1.6329882566021192
2017-05-31,236227.7,0.04188392097872473,1.675556137091827
2017-06-01,236326.6,0.04186638569481094,1.7181240175815349
2017-06-02,236417.2,0.038336776308711684,1.7571194672515889
2017-06-05,236507.8,0.0383220848567678,1.7961149169216206
2017-06-06,236598.5,0.03834968656424298,1.8351534079268372
2017-06-07,236689.2,0.03833498521756962,1.874191898932076
2017-06-08,236779.9,0.03832029513808344,1.9132303899372927
2017-06-09,236870.7,0.03834784962744031,1.9523119222776941
2017-06-12,236961.5,0.038333149688840606,1.9913934546180734
2017-06-13,237052.3,0.03831846101580716,2.030474986958475
2017-06-14,237143.2,0.03834596837914983,2.069599560634061
2017-06-15,237143.2,0.0,2.069599560634061
2017-06-16,237234.1,0.03833126988250779,2.1087241343096252
2017-06-19,237325.0,0.03831658264978888,2.1478487079852115
2017-06-20,237416.0,0.03834404297904381,2.1870163229959605
2017-06-21,237507.0,0.038329345958154626,2.2261839380067094
2017-06-22,237598.1,0.038356764221680884,2.2653945943526432
2017-06-23,237689.2,0.038342057449125555,2.304605250698577
2017-06-26,237780.3,0.03832736194997466,2.3438159070444886
2017-06-27,237871.4,0.0383126777113274,2.3830265633904224
2017-06-28,237962.6,0.0383400442423909,2.422280261071541
2017-06-29,238053.8,0.03832535028613915,2.4615339587526375
2017-06-30,238145.1,0.03835267489955552,2.5008306977689188
2017-07-03,238236.4,0.038337971262047965,2.5401274367852
2017-07-04,238327.7,0.03832327889441434,2.5794241758014813
2017-07-05,238419.0,0.03830859778364282,2.6187209148177626
2017-07-06,238510.4,0.038335870882777456,2.6580606951692065
2017-07-07,238601.9,0.03836310701754719,2.6974435168558575
2017-07-10,238693.3,0.0383064845669745,2.7367832972073014
2017-07-11,238784.8,0.03833371108448169,2.77616611889393
2017-07-12,238876.4,0.03836090069384568,2.815591981915766
2017-07-13,238967.9,0.03830432809603934,2.8549748036023948
2017-07-14,239059.5,0.0383315081230684,2.8944006666242084
2017-07-17,239151.2,0.038358651298109336,2.933869570981207
2017-07-18,239242.9,0.03834394307868916,2.973338475338183
2017-07-19,239334.6,0.038329246134383155,3.0128073796951815
2017-07-20,239426.3,0.038314560452179514,3.052276284052158
2017-07-21,239518.1,0.03834165252523114,3.091788229744319
2017-07-24,239609.9,0.038326957336409784,3.13130017543648
2017-07-25,239701.8,0.038354007910346155,3.170855162463826
2017-07-26,239793.7,0.03833930325096713,3.210410149491172
2017-07-27,239885.6,0.03832460986255004,3.249965136518518
2017-07-28,239968.8,0.034683198991514175,3.2857755273854705
2017-07-31,240052.1,0.034712846003315256,3.3216289595876303
2017-08-01,240135.5,0.03474245799139908,3.3575254331249527
2017-08-02,240218.8,0.03468874864398508,3.3933788653271124
2017-08-03,240302.2,0.03471834843902233,3.429275338864435
2017-08-04,240385.6,0.03470629898518762,3.465171812401757
2017-08-07,240469.1,0.03473585772193477,3.5011113272742644
2017-08-08,240552.5,0.0346822107289535,3.537007800811587
2017-08-09,240636.0,0.034711757308691915,3.572947315684094
2017-08-10,240719.6,0.034741268970561734,3.608929871891786
2017-08-11,240803.1,0.03468766149494762,3.644869386764271
2017-08-14,240886.7,0.03471716103322642,3.6808519429719633
2017-08-15,240970.3,0.034705112403465854,3.716834499179633
2017-08-16,241054.0,0.034734571023897765,3.752860096722488
2017-08-17,241137.7,0.034722510308893284,3.788885694265365
2017-08-18,241221.4,0.034710457966546926,3.8249112918081973
2017-08-21,241305.1,0.03469841398815454,3.8609368893510743
2017-08-22,241388.9,0.03472781967723826,3.8970055282290916
2017-08-23,241472.7,0.03471576364946216,3.933074167107131
2017-08-24,241556.5,0.034703715989414796,3.9691428059851708
2017-08-25,241640.3,0.03469167668848083,4.005211444863188
2017-08-28,241724.2,0.03472102956336709,4.041323125076413
2017-08-29,241808.1,0.034708978248754185,4.077434805289615
2017-08-30,241892.1,0.0347382904046567,4.113589526838002
2017-08-31,241976.0,0.03468488636049205,4.149701207051204
2017-09-01,242060.0,0.03471418653089309,4.185855928599591
2017-09-04,242144.1,0.034743452036689604,4.222053691483163
2017-09-05,242228.1,0.03469008743139934,4.25820841303155
2017-09-06,242312.2,0.03471934098480123,4.294406175915122
2017-09-07,242312.2,0.0,4.294406175915122
2017-09-08,242396.3,0.03470729084213975,4.330603938798672
2017-09-11,242471.6,0.031064830610039174,4.363014064186688
2017-09-12,242546.9,0.031055183369921302,4.395424189574704
2017-09-13,242622.2,0.031045542119900738,4.42783431496272
2017-09-14,242697.6,0.03107712319811995,4.460287481685921
2017-09-15,242773.0,0.03106746832270968,4.4927406484091215
2017-09-18,242848.4,0.031057819444502144,4.5251938151323
2017-09-19,242923.8,0.031048176557879614,4.557646981855501
2017-09-20,242999.3,0.031079704829251042,4.5901431899138645
2017-09-21,243074.7,0.031028895968021608,4.622596356637065
2017-09-22,243150.2,0.031060410647421044,4.655092564695451
2017-09-25,243225.8,0.03109189299452808,4.687631814088977
2017-09-26,243301.3,0.031041114881724674,4.720128022147341
2017-09-27,243376.9,0.03107258366479293,4.752667271540889
2017-09-28,243452.5,0.031062931609371347,4.78520652093446
2017-09-29,243528.1,0.031053285548510168,4.817745770328008
2017-10-02,243603.7,0.031043645476636073,4.850285019721556
2017-10-03,243679.4,0.031075061667773518,4.882867310450267
2017-10-04,243755.0,0.031024370545895685,4.915406559843816
2017-10-05,243830.8,0.03109679801438503,4.9480318919077115
2017-10-06,243906.5,0.031046118866040473,4.980614182636445
2017-10-09,243982.2,0.031036483242563584,5.013196473365178
2017-10-10,244058.0,0.031067840194887175,5.045821805429074
2017-10-11,244133.8,0.031058191085731046,5.07844713749297
2017-10-12,244133.8,0.0,5.07844713749297
2017-10-13,244209.7,0.03108950911345776,5.11111551089205
2017-10-16,244285.5,0.031038898127300207,5.143740842955946
2017-10-17,244361.4,0.03107020269315086,5.176409216355027
2017-10-18,244437.3,0.03106055211665737,5.2090775897541075
2017-10-19,244513.2,0.031050907533347605,5.241745963153188
2017-10-20,244589.1,0.031041268937626043,5.274414336552269
2017-10-23,244665.1,0.031072521220276705,5.307125751286512
2017-10-24,244741.1,0.03106286920366852,5.339837166020778
2017-10-25,244817.1,0.031053223181554124,5.372548580755021
2017-10-26,244893.1,0.031043583148404608,5.405259995489287
2017-10-27,244962.4,0.028298061480702685,5.4350876407667
2017-10-30,245031.8,0.028330878534821302,5.464958327379277
2017-10-31,245101.1,0.028282043391936185,5.494785972656713
2017-11-01,245170.4,0.028274046913701056,5.5246136179341265
2017-11-02,245170.4,0.0,5.5246136179341265
2017-11-03,245239.8,0.028306842914149755,5.554484304546725
2017-11-06,245309.2,0.028298832408135688,5.584354991159324
2017-11-07,245378.6,0.02829082643456271,5.614225677771922
2017-11-08,245448.0,0.02828282498963386,5.644096364384499
2017-11-09,245517.5,0.028315569896686377,5.674010092332282
2017-11-10,245587.0,0.028307554451312278,5.7039238202800435
2017-11-13,245656.5,0.02829954354262032,5.733837548227827
2017-11-14,245726.0,0.028291537166724723,5.763751276175588
2017-11-15,245726.0,0.0,5.763751276175588
2017-11-16,245795.5,0.028283535319828523,5.793665004123372
2017-11-17,245865.1,0.028316222225388543,5.823621773406318
2017-11-21,246004.2,0.056575740111153294,5.883492270637047
2017-11-22,246073.8,0.028292199889268232,5.913449039919971
2017-11-23,246143.5,0.02832483588257606,5.943448850538102
2017-11-24,246213.1,0.028276188483555842,5.973405619821048
2017-11-27,246282.8,0.028308810538502094,6.003405430439179
2017-11-28,246352.5,0.028300798918978742,6.03340524105731
2017-11-29,246422.2,0.028292791832851272,6.063405051675441
2017-11-30,246491.9,0.02828478927627831,6.09340486229355
2017-12-01,246561.7,0.028317360529905855,6.123447714246866
2017-12-04,246631.4,0.02826878627133489,6.1534475248649745
2017-12-05,246701.2,0.02830134362454828,6.18349037681829
2017-12-06,246771.0,0.0282933362302229,6.213533228771584
2017-12-07,246840.8,0.028285333365740684,6.2435760807248775
2017-12-08,246906.1,0.026454297668787596,6.271682072595253
2017-12-11,246971.4,0.026447301220988706,6.2997880644655835
2017-12-12,247036.7,0.026440308472963636,6.327894056335959
2017-12-13,247102.1,0.02647379923712556,6.356043089541474
2017-12-14,247167.4,0.026426323369976856,6.384149081411827
2017-12-15,247232.8,0.026459800119260635,6.412298114617365
2017-12-18,247298.1,0.02641235305349543,6.440404106487718
2017-12-19,247363.5,0.026445815798825656,6.468553139693234
2017-12-20,247429.0,0.02647925017231767,6.496745214233957
2017-12-21,247494.4,0.026431824887129807,6.524894247439472
2017-12-22,247559.8,0.026424840319627663,6.55304328064501
2017-12-26,247625.3,0.02645825372293853,6.581235355185711
2017-12-27,247690.8,0.02645125518272451,6.609427429726411
2017-12-28,247756.3,0.026444260343949644,6.637619504267112
2018-01-02,247887.3,0.052874538407299276,6.694003653348535
2018-01-03,247952.9,0.02646363891978254,6.72223876922442
2018-01-04,248018.4,0.026416307290610952,6.750430843765121
2018-01-05,248084.0,0.02644965050979664,6.778665959641006
2018-01-08,248149.6,0.026442656519565233,6.806901075516891
2018-01-09,248215.3,0.02647596449882883,6.835179232727939
2018-01-10,248280.9,0.026428668982125814,6.863414348603825
2018-01-11,248346.5,0.026421686082178653,6.89164946447971
2018-01-12,248412.2,0.026454973192691078,6.91992762169078
2018-01-15,248477.9,0.02644797638762242,6.948205778901828
2018-01-16,248543.6,0.026440983282616237,6.976483936112898
2018-01-17,248609.3,0.02643399387471934,7.004762093323946
2018-01-18,248675.1,0.026467231917726153,7.033083291870179
2018-01-19,248740.8,0.026420015514205808,7.061361449081249
2018-01-22,248806.6,0.02645323967762625,7.089682647627482
2018-01-23,248872.4,0.02644624378935756,7.118003846173715
2018-01-24,248938.2,0.0264392516004186,7.146325044719948
2018-01-26,249069.9,0.052904696828370845,7.203010483147598
2018-01-29,249135.8,0.026458435965159843,7.231374723029016
2018-01-30,249201.7,0.02645143732855626,7.259738962910434
2018-01-31,249267.5,0.026404314256267547,7.2880601614566665
2018-02-01,249333.5,0.026477579307360166,7.316467442673247
2018-02-02,249399.4,0.026430463615989552,7.3448316825546645
2018-02-05,249465.3,0.026423479767800906,7.373195922436082
2018-02-06,249531.3,0.02645658534472517,7.401603203652662
2018-02-07,249597.3,0.026449587687005227,7.430010484869243
2018-02-08,249663.3,0.026442593729969488,7.458417766085845
2018-02-09,249727.0,0.025514362743739305,7.485835096593374
2018-02-14,249790.7,0.025507854577200284,7.513252427100903
2018-02-15,249854.5,0.025541383246041605,7.540712798943594
2018-02-16,249918.2,0.025494837995720943,7.568130129451123
2018-02-19,249982.0,0.02552835287705779,7.595590501293836
2018-02-20,250045.8,0.025521837572295425,7.623050873136528
2018-02-21,250109.5,0.025475332919011606,7.650468203644056
2018-02-22,250173.4,0.02554880962137851,7.6779716168219325
2018-02-23,250237.2,0.02550231159668126,7.705431988664646
2018-02-26,250301.0,0.02549580957587061,7.732892360507337
2018-02-27,250364.9,0.025529262767620686,7.760395773685214
2018-02-28,250428.8,0.025522746998474233,7.78789918686309
2018-03-01,250492.7,0.02551623455451235,7.815402600040988
2018-03-02,250556.6,0.025509725433114916,7.842906013218864
2018-03-05,250620.5,0.02550321963181723,7.870409426396741
2018-03-06,250684.5,0.02553661811384167,7.897955880909802
2018-03-07,250748.4,0.025490207811018628,7.925459294087678
2018-03-08,250812.4,0.0255235925732622,7.953005748600739
2018-03-09,250876.4,0.02551707969782324,7.980552203113778
2018-03-12,250940.4,0.025510570145304,8.008098657626839
2018-03-13,251004.4,0.02550406391317317,8.0356451121399
2018-03-14,251068.5,0.02553740093800272,8.063234607988123
2018-03-15,251132.5,0.025491051246961938,8.090781062501184
2018-03-16,251196.6,0.025524374583141274,8.11837055834943
2018-03-19,251260.7,0.025517861308643752,8.145960054197655
2018-03-20,251324.8,0.02551135135737681,8.173549550045877
2018-03-21,251388.9,0.025504844726831344,8.201139045894124
2018-03-22,251453.1,0.025538120418211463,8.228771583077531
2018-03-23,251514.9,0.024577147786208897,8.255371128216705
2018-03-26,251576.7,0.024571108908455486,8.281970673355875
2018-03-27,251638.6,0.02460482230668415,8.30861325983021
2018-03-28,251700.4,0.024559030291859685,8.335212804969384
2018-03-29,251762.3,0.02459273008703633,8.361855391443719
2018-04-02,251824.2,0.024586683550320565,8.388497977918075
2018-04-03,251886.1,0.02458063998613813,8.41514056439243
2018-04-04,251948.0,0.024574599392335195,8.441783150866765
2018-04-05,252010.0,0.024608252496549632,8.468468778676286
2018-04-06,252071.9,0.024562517360426916,8.495111365150642
2018-04-09,252133.9,0.024596156890166476,8.521796992960162
2018-04-10,252195.8,0.024550447202842385,8.548439579434497
2018-04-11,252257.8,0.024584073168543163,8.575125207244039
2018-04-12,252319.9,0.024617672872762064,8.60185387638872
2018-04-13,252381.9,0.024571981837340218,8.628539504198262
2018-04-16,252443.9,0.024565945497667663,8.655225132007782
2018-04-17,252506.0,0.02459952488453876,8.681953801152487
2018-04-18,252568.1,0.02459347500654019,8.708682470297191
2018-04-19,252630.2,0.024587428103561848,8.735411139441895
2018-04-20,252692.3,0.02458138417338329,8.762139808586578
2018-04-23,252754.4,0.02457534321387289,8.788868477731281
2018-04-24,252816.5,0.024569305222787996,8.815597146875987
2018-04-25,252878.7,0.02460282457830143,8.842368857355854
2018-04-26,252940.8,0.024557228426114186,8.869097526500557
2018-04-27,253003.0,0.02459073427458769,8.895869236980424
2018-04-30,253065.2,0.024584688719109238,8.922640947460314
2018-05-02,253127.4,0.024578646135453575,8.949412657940181
2018-05-03,253189.6,0.024572606521466867,8.976184368420071
2018-05-04,253251.9,0.02460606596794701,9.002999120235122
2018-05-07,253314.1,0.024560526495553958,9.02977083071499
2018-05-08,253376.4,0.024593972463438085,9.05658558253004
2018-05-09,253438.7,0.024587925315855408,9.083400334345093
2018-05-10,253501.0,0.024581881141272355,9.110215086160146
2018-05-11,253563.3,0.02457583993751289,9.137029837975197
2018-05-14,253625.7,0.024609239586337317,9.163887631125434
2018-05-15,253688.0,0.024563756748618992,9.190702382940486
2018-05-16,253750.4,0.02459714294724691,9.217560176090721
2018-05-17,253812.7,0.02455168543578079,9.244374927905774
2018-05-18,253875.1,0.02458505819449286,9.27123272105601
2018-05-21,253937.5,0.024579015429249118,9.298090514206226
2018-05-22,254000.0,0.024612355402409136,9.324991348691626
2018-05-23,254062.4,0.02456692913386238,9.35184914184186
2018-05-24,254124.87,0.024588447562479132,9.378737063926712
2018-05-25,254187.34,0.02458240313119031,9.405624986011563
2018-05-28,254249.83,0.024584229883362063,9.432521516363446
2018-05-29,254312.33,0.02458212066454024,9.459422350848868
2018-05-30,254374.85,0.024583943688472054,9.486331793601321
2018-06-01,254437.38,0.024581832677239568,9.513245540487269
2018-06-04,254499.93,0.02458365197754997,9.54016789564025
2018-06-05,254562.49,0.02458153917763717,9.567094554926769
2018-06-06,254625.07,0.024583354758989096,9.594029822480321
2018-06-07,254687.67,0.02458516751708828,9.620973698300904
2018-06-08,254750.3,0.02459090383133411,9.64793048652204
2018-06-11,254812.9,0.02457308195515928,9.674874362342623
2018-06-12,254875.5,0.02456704507503016,9.701818238163206
2018-06-13,254938.2,0.02460024600245969,9.728805155318977
2018-06-14,255000.9,0.024594195769789273,9.755792072474723
2018-06-15,255063.6,0.024588148512427743,9.782778989630492
2018-06-18,255126.3,0.024582104228110246,9.80976590678624
2018-06-19,255189.0,0.02457606291472736,9.836752823942007
2018-06-20,255251.7,0.02457002457003643,9.863739741097778
2018-06-21,255314.5,0.024603166208092553,9.89076969958871
2018-06-22,255377.2,0.024557947159298266,9.917756616744477
2018-06-25,255440.0,0.02459107547581052,9.944786575235408
2018-06-26,255502.8,0.02458502975257737,9.97181653372634
2018-06-27,255565.6,0.02457898700132244,9.998846492217272
2018-06-28,255628.4,0.024572947219803076,10.025876450708203
2018-06-29,255691.3,0.02460602968996639,10.05294945053432
2018-07-02,255754.1,0.024560866951683913,10.079979409025253
2018-07-03,255817.0,0.02459393612848082,10.10705240885137
2018-07-04,255879.9,0.024587888998772733,10.134125408677486
2018-07-05,255942.8,0.024581844842042067,10.16119840850358
2018-07-06,256005.7,0.024575803656134987,10.188271408329719
2018-07-10,256131.6,0.049178592507903574,10.242460449317115
2018-07-11,256194.6,0.02459673074310942,10.269576490478393
2018-07-12,256257.5,0.024551649410242682,10.29664949030451
2018-07-13,256320.5,0.024584646303038582,10.323765531465812
2018-07-16,256383.5,0.024578603740232907,10.350881572627092
2018-07-17,256446.6,0.024611568217136615,10.378040655123556
2018-07-18,256509.6,0.024566517941737587,10.405156696284855
2018-07-19,256572.7,0.02459946918165201,10.43231577878132
2018-07-20,256635.7,0.02455444402307272,10.459431819942623
2018-07-23,256698.8,0.024587382036078687,10.486590902439064
2018-07-24,256761.9,0.024581338128570884,10.513749984935528
2018-07-25,256825.0,0.02457529719168683,10.540909067432015
2018-07-26,256888.2,0.024608196242592584,10.568111191263663
2018-07-27,256951.3,0.02456321465913458,10.595270273760104
2018-07-30,257014.5,0.024596100506202312,10.622472397591753
2018-07-31,257077.7,0.024590052312234434,10.649674521423403
2018-08-01,257140.9,0.024584007092021132,10.676876645255051
2018-08-02,257204.1,0.024577964843408573,10.704078769086678
2018-08-03,257267.3,0.02457192556417631,10.731280892918328
2018-08-06,257330.6,0.024604759330082437,10.75852605808516
2018-08-07,257393.8,0.024559846361049686,10.785728181916788
2018-08-08,257457.1,0.024592666956246845,10.81297334708362
2018-08-09,257520.4,0.02458662045055071,10.840218512250432
2018-08-10,257583.7,0.024580576917410113,10.867463677417245
2018-08-13,257647.0,0.0245745363545824,10.894708842584077
2018-08-14,257710.4,0.024607311554181166,10.921997049086073
2018-08-15,257773.7,0.024562454600207673,10.949242214252886
2018-08-16,257837.1,0.024595216657097296,10.976530420754882
2018-08-17,257900.5,0.02458916889771512,11.003818627256878
2018-08-20,257963.9,0.024583124111821064,11.031106833758875
2018-08-21,258027.3,0.02457708229717248,11.058395040260871
2018-08-22,258090.7,0.024571043451615537,11.085683246762867
2018-08-23,258154.2,0.024603753641638804,11.113014494600048
2018-08-24,258217.6,0.024558965145637934,11.140302701102044
2018-08-27,258281.1,0.02459166222597009,11.167633948939205
2018-08-28,258344.6,0.024585616214278794,11.194965196776385
2018-08-29,258408.1,0.024579573174743352,11.222296444613566
2018-08-30,258471.6,0.024573533105187728,11.249627692450726
2018-08-31,258535.2,0.024606184973507972,11.27700198162309
2018-09-03,258598.7,0.02456145236702234,11.304333229460251
2018-09-04,258662.3,0.024594091153584685,11.331707518632594
2018-09-05,258725.9,0.024588043947648686,11.359081807804937
2018-09-06,258789.5,0.02458199971475672,11.386456096977305
2018-09-10,258853.1,0.024575958452710545,11.413830386149648
2018-09-11,258916.7,0.02456992015935633,11.441204675321991
2018-09-12,258980.4,0.02460250729288127,11.46862200582952
2018-09-13,259044.0,0.02455784298733832,11.495996295001865
2018-09-14,259107.7,0.02459041707201237,11.523413625509416
2018-09-17,259171.4,0.024584371672475847,11.550830956016922
2018-09-18,259235.1,0.02457832924467329,11.57824828652445
2018-09-19,259298.9,0.02461086480958219,11.605708658367142
2018-09-20,259362.6,0.02456624382132233,11.633125988874692
2018-09-21,259426.4,0.024598766360295343,11.660586360717385
2018-09-24,259490.1,0.024554170277202303,11.688003691224914
2018-09-25,259553.9,0.024586679800120415,11.715464063067603
2018-09-26,259617.7,0.024580636237803155,11.742924434910318
2018-09-27,259681.6,0.024613113820826094,11.770427848088193
2018-09-28,259745.4,0.024568548561010317,11.797888219930886
2018-10-01,259809.3,0.024601013145941764,11.825391633108783
2018-10-02,259873.2,0.024594962535995357,11.85289504628666
2018-10-03,259937.2,0.024627395206588965,11.880441500799721
2018-10-04,260001.2,0.024621331613938757,11.907987955312782
2018-10-05,260065.2,0.024615271006434014,11.93553440982582
2018-10-08,260129.2,0.024609213381876494,11.963080864338881
2018-10-09,260193.3,0.024641601173569505,11.990670360187107
2018-10-10,260257.3,0.024597097619349917,12.018216814700168
2018-10-11,260321.4,0.024629472448989276,12.04580631054839
2018-10-15,260385.5,0.02462340783355721,12.073395806396636
2018-10-16,260449.6,0.024617346204003354,12.100985302244883
2018-10-17,260513.7,0.02461128755812947,12.128574798093105
2018-10-18,260577.9,0.024643617590935918,12.156207335276514
2018-10-19,260642.0,0.024599169768424467,12.183796831124738
2018-10-22,260706.2,0.02463148686704386,12.211429368308169
2018-10-23,260770.4,0.024625421259627522,12.239061905491555
2018-10-24,260834.6,0.02461935863886655,12.266694442674986
2018-10-25,260898.8,0.024613299002496092,12.294326979858372
2018-10-26,260963.0,0.024607242348384517,12.321959517041803
2018-10-29,261027.3,0.024639508282775502,12.349635095560373
2018-10-30,261091.6,0.024633438724608325,12.377310674078966
2018-10-31,261155.8,0.024589071421665665,12.404943211262376
2018-11-01,261220.1,0.024621318002515657,12.43261878978097
2018-11-05,261284.5,0.024653539295016458,12.460337409634725
2018-11-06,261348.8,0.02460919036528786,12.488012988153297
2018-11-07,261413.1,0.02460313573278139,12.51568856667189
2018-11-08,261477.5,0.024635337708778238,12.543407186525668
2018-11-09,261541.9,0.024629270204901133,12.571125806379424
2018-11-12,261606.3,0.024623205689033867,12.59884442623318
2018-11-13,261670.7,0.024617144159000404,12.626563046086957
2018-11-14,261735.1,0.024611085612558092,12.654281665940715
2018-11-16,261799.5,0.0246050300475531,12.68200028579447
2018-11-19,261864.0,0.024637174631725323,12.709761946983411
2018-11-21,261992.9,0.04922402468456877,12.765242228026107
2018-11-22,262057.4,0.024618987766467093,12.793003889215049
2018-11-23,262122.0,0.024651087891425227,12.820808591739175
2018-11-26,262186.5,0.02460686245335797,12.848570252928116
2018-11-27,262251.1,0.024638949755217965,12.876374955452219
2018-11-28,262315.6,0.02459474907827719,12.90413661664116
2018-11-29,262380.2,0.024626823566742395,12.931941319165286
2018-11-30,262444.8,0.024620760255533725,12.959746021689389
2018-12-03,262509.4,0.024614699929292883,12.987550724213515
2018-12-04,262574.0,0.02460864258573281,13.015355426737617
2018-12-05,262638.7,0.024640672724651758,13.043203170596929
2018-12-06,262703.3,0.024596527472908747,13.071007873121033
2018-12-07,262768.0,0.024628544826055254,13.09885561698032
2018-12-10,262832.7,0.02462248066736894,13.126703360839631
2018-12-11,262897.4,0.02461641949422777,13.15455110469892
2018-12-12,262962.2,0.024648398957149986,13.182441889893393
2018-12-13,263026.9,0.024604296739227927,13.21028963375268
2018-12-14,263091.7,0.024636263439203887,13.238180418947154
2018-12-17,263156.4,0.024592185918459464,13.266028162806442
2018-12-18,263221.2,0.0246241398651037,13.293918948000915
2018-12-19,263286.0,0.02461807787517145,13.321809733195366
2018-12-20,263350.8,0.02461201886920783,13.34970051838984
2018-12-21,263415.7,0.024643935009893703,13.377634344919498
2018-12-26,263545.4,0.049237763732379314,13.433458956643607
2018-12-27,263610.3,0.024625738108108308,13.461392783173242
2018-12-28,263675.2,0.024619675331361,13.4893266097029
2019-01-02,263805.1,0.04926515652590169,13.545237304097357
2019-01-03,263870.0,0.02460149557381719,13.573171130627015
2019-01-04,263935.0,0.02463334217606139,13.601147998491836
2019-01-07,263999.9,0.024589387538598295,13.629081825021494
2019-01-08,264064.9,0.02462122144744061,13.657058692886315
2019-01-09,264129.9,0.02461516089415916,13.685035560751135
2019-01-10,264195.0,0.024646963482721773,13.713055469951119
2019-01-11,264260.0,0.024603039421644546,13.741032337815962
2019-01-14,264325.1,0.024634829334746478,13.769052247015946
2019-01-15,264390.2,0.02462876208124687,13.79707215621595
2019-01-16,264455.3,0.02462269781555726,13.825092065415934
2019-01-17,264520.4,0.024616636535568226,13.853111974615961
2019-01-18,264585.5,0.0246105782389483,13.881131883815945
2019-01-21,264650.6,0.024604522923588057,13.909151793015928
2019-01-22,264715.8,0.02463625625637178,13.937214743551118
2019-01-23,264781.0,0.024630188300056588,13.965277694086309
2019-01-24,264846.2,0.024624123332106507,13.993340644621476
2019-01-28,264976.6,0.049236122700624385,14.049466545691814
2019-01-29,265041.8,0.0246059463363979,14.077529496227005
2019-01-30,265107.1,0.024637623197554248,14.105635488097334
2019-01-31,265172.3,0.024593833963715284,14.133698438632525
2019-02-01,265237.6,0.024625498213803887,14.161804430502878
2019-02-04,265302.9,0.024619435555162106,14.189910422373252
2019-02-05,265368.3,0.024651068646419638,14.218059455578768
2019-02-06,265433.6,0.024607309916069298,14.2461654474491
2019-02-07,265498.9,0.02460125620873388,14.274271439319474
2019-02-08,265564.3,0.024632870418650477,14.30242047252499
2019-02-11,265629.7,0.024626804129934676,14.330569505730528
2019-02-12,265695.1,0.024620740828296128,14.358718538936044
2019-02-13,265760.5,0.02461468051162541,14.386867572141583
2019-02-14,265825.9,0.024608623177635458,14.41501660534712
2019-02-15,265891.4,0.024640187430935434,14.443208679887842
2019-02-18,265956.8,0.02459650819843784,14.471357713093358
2019-02-19,266022.3,0.024628059895448473,14.49954978763406
2019-02-20,266087.8,0.024621995975526723,14.527741862174759
2019-02-21,266153.3,0.024615935040994685,14.555933936715459
2019-02-22,266218.9,0.024647449421077994,14.584169052591367
2019-02-25,266284.4,0.024603812877299625,14.612361127132068
2019-02-26,266350.0,0.024635314723653323,14.64059624300793
2019-02-27,266415.5,0.024591702646903357,14.668788317548653
2019-02-28,266481.1,0.024623191968919933,14.697023433424516
2019-03-01,266546.8,0.02465465655914212,14.725301590635587
2019-03-06,266612.4,0.02461106267268587,14.753536706511472
2019-03-07,266678.0,0.024605007118938538,14.781771822387357
2019-03-08,266743.7,0.02463645295074368,14.810049979598428
2019-03-11,266809.3,0.024592895727248987,14.83828509547429
2019-03-12,266875.0,0.02462432906200629,14.86656325268536
2019-03-13,266940.7,0.02461826697892633,14.894841409896408
2019-03-14,267006.4,0.02461220787988161,14.923119567107479
2019-03-15,267072.2,0.024643604048435463,14.951440765653711
2019-03-18,267137.9,0.02460008941402858,14.979718922864782
2019-03-19,267203.7,0.02463147310807212,15.008040121411014
2019-03-20,267269.5,0.024625407507450348,15.036361319957248
2019-03-21,267335.3,0.024619344893439532,15.064682518503481
2019-03-22,267401.1,0.024613285263863638,15.09300371704969
2019-03-25,267466.9,0.02460722861650222,15.121324915595968
2019-03-26,267532.8,0.024638562752987703,15.149689155477365
2019-03-27,267598.7,0.024632493660603494,15.17805339535878
2019-03-28,267664.6,0.024626427557361552,15.206417635240177
2019-03-29,267730.4,0.024583004252343166,15.234738833786432
2019-04-01,267796.4,0.02465166451026679,15.263146115003012
2019-04-02,267862.3,0.02460824716088439,15.291510354884409
2019-04-03,267928.3,0.02463952560700644,15.31991763610101
2019-04-04,267994.2,0.024596132622067834,15.348281875982428
2019-04-05,268060.2,0.02462739865265462,15.376689157199008
2019-04-08,268126.2,0.024621335058316873,15.405096438415612
2019-04-09,268192.2,0.02461527444912459,15.433503719632192
2019-04-10,268258.2,0.024609216822857327,15.461911000848794
2019-04-11,268324.3,0.02464043969576668,15.490361323400537
2019-04-12,268390.3,0.024597101343415417,15.51876860461714
2019-04-15,268456.4,0.024628311827967764,15.547218927168904
2019-04-16,268522.5,0.024622247783989692,15.575669249720669
2019-04-17,268588.6,0.024616186725490152,15.604119572272413
2019-04-18,268654.8,0.024647360312402,15.632612936159362
2019-04-22,268720.9,0.02460406439790397,15.661063258711149
2019-04-23,268787.1,0.024635225618840906,15.689556622598078
2019-04-24,268853.2,0.024591954003749805,15.718006945149865
2019-04-25,268919.4,0.024623102868037705,15.746500309036794
2019-04-26,268985.6,0.024617041388586003,15.77499367292372
2019-04-29,269051.9,0.024648159604101494,15.803530078145855
2019-04-30,269118.1,0.024604918233239736,15.832023442032783
2019-05-02,269184.4,0.02463602410986976,15.860559847254919
2019-05-03,269250.6,0.02459280701256894,15.889053211141846
2019-05-06,269316.9,0.024623900559572753,15.91758961636398
2019-05-07,269383.2,0.024617838687435167,15.946126021586092
2019-05-08,269449.6,0.02464890163897948,15.97470546814339
2019-05-09,269515.9,0.024605714760772557,16.003241873365525
2019-05-10,269582.3,0.024636765400476435,16.031821319922802
2019-05-13,269648.6,0.024593602769917844,16.060357725144915
2019-05-14,269715.0,0.024624641106996137,16.088937171702213
2019-05-15,269781.4,0.02461857887030572,16.11751661825953
2019-05-16,269847.8,0.024612519617717155,16.146096064816806
2019-05-17,269914.3,0.02464352127384828,16.174718552709287
2019-05-20,269980.7,0.024600400942076384,16.203297999266585
2019-05-21,270047.2,0.024631390317897406,16.23192048715907
2019-05-22,270113.7,0.02462532475804302,16.26054297505153
2019-05-23,270180.2,0.02461926218477739,16.289165462944013
2019-05-24,270246.7,0.024613202595902273,16.317787950836472
2019-05-27,270313.2,0.02460714598919722,16.346410438728952
2019-05-28,270379.8,0.02463808648633936,16.375075967956597
2019-05-29,270446.3,0.02459503261709184,16.40369845584906
2019-05-30,270512.9,0.024625960865432006,16.432363985076726
2019-05-31,270579.5,0.02461989797897246,16.46102951430437
2019-06-03,270646.2,0.024650795791991698,16.4897380848672
2019-06-04,270712.8,0.02460777206552134,16.518403614094822
2019-06-05,270779.4,0.024601718130812245,16.54706914332249
2019-06-06,270846.1,0.02463259760525638,16.575777713885298
2019-06-07,270912.8,0.02462653145089977,16.60448628444813
2019-06-10,270979.5,0.024620468283531594,16.633194855010956
2019-06-11,271046.2,0.024614408100975815,16.661903425573787
2019-06-12,271112.9,0.0246083509010786,16.690611996136617
2019-06-13,271179.7,0.02463918168409407,16.719363608034634
2019-06-14,271246.4,0.024596236370211244,16.74807217859746
2019-06-17,271313.2,0.02462705495813733,16.776823790495456
2019-06-18,271380.0,0.024620991533019776,16.805575402393448
2019-06-19,271446.8,0.024614931092936665,16.83432701429144
2019-06-21,271513.7,0.0246457132668354,16.863121667524638
2019-06-24,271580.5,0.02460281009761811,16.891873279422633
2019-06-25,271647.4,0.024633580098720742,16.92066793265583
2019-06-26,271714.3,0.02462751346044012,16.949462585888988
2019-06-27,271781.2,0.024621449809614226,16.978257239122186
2019-06-28,271848.1,0.024615389143911592,17.007051892355342
2019-07-01,271915.0,0.024609331461222794,17.03584654558852
2019-07-02,271981.9,0.024603276759282977,17.064641198821718
2019-07-03,272048.9,0.02463399218846085,17.093478893390078
2019-07-04,272115.9,0.024627925347253665,17.12231658795842
2019-07-05,272182.9,0.02462186149356782,17.151154282526782
2019-07-08,272249.9,0.024615800625249484,17.179991977095142
2019-07-10,272384.0,0.04925621643936395,17.237710407567008
2019-07-11,272451.0,0.024597626879696577,17.26654810213537
2019-07-12,272518.1,0.024628281782779204,17.295428838038895
2019-07-15,272585.2,0.02462221775361151,17.324309573942443
2019-07-16,272652.3,0.02461615670990014,17.353190309845967
2019-07-17,272719.4,0.02461009864946906,17.382071045749512
2019-07-18,272786.6,0.02464071129517631,17.4109948229882
2019-07-19,272853.8,0.024634641144394287,17.43991860022691
2019-07-22,272920.9,0.024591924319916636,17.46879933613046
2019-07-23,272988.1,0.02462251883237343,17.497723113369148
2019-07-24,273055.3,0.02461645764046949,17.526646890607857
2019-07-25,273122.6,0.02464702205011715,17.55561370918175
2019-07-26,273189.8,0.024604335195999028,17.58453748642046
2019-07-29,273257.1,0.02463488753972065,17.613504304994333
2019-07-30,273324.3,0.024592224685116015,17.642428082233064
2019-07-31,273391.6,0.02462276497186,17.671394900806938
2019-08-01,273458.9,0.024616703658808525,17.70036171938083
2019-08-02,273521.2,0.02278221699860694,17.727176471195882
2019-08-05,273583.4,0.02274046764931814,17.75394818167577
2019-08-06,273645.6,0.02273529753631376,17.780719892155616
2019-08-07,273707.9,0.02276667339071725,17.80753464397069
2019-08-08,273770.2,0.022761491356293462,17.834349395785743
2019-08-09,273832.4,0.022719784695346412,17.86112110626563
2019-08-12,273894.8,0.022787661357814848,17.887978899415845
2019-08-13,273957.1,0.022745959397552085,17.914793651230898
2019-08-14,274019.4,0.022740786787434075,17.941608403045972
2019-08-15,274081.7,0.022735616529345748,17.968423154861025
2019-08-16,274144.1,0.022766934092999236,17.99528094801124
2019-08-19,274206.4,0.022725274773383042,18.02209569982629
2019-08-20,274268.8,0.022756580444505126,18.048953492976505
2019-08-21,274331.2,0.02275140300318501,18.075811286126765
2019-08-22,274393.6,0.02274622791718084,18.10266907927698
2019-08-23,274456.1,0.02277749918364602,18.129569913762378
2019-08-26,274518.5,0.022735876520885157,18.156427706912616
2019-08-27,274581.0,0.02276713591251589,18.183328541398012
2019-08-28,274643.4,0.022725534541723214,18.210186334548272
2019-08-29,274705.9,0.022756782067223646,18.23708716903367
2019-08-30,274768.4,0.0227516045341547,18.26398800351907
2019-09-02,274830.9,0.02274642935651272,18.29088883800447
2019-09-03,274893.4,0.022741256532654575,18.317789672489894
2019-09-04,274956.0,0.022772463798692577,18.344733548310455
2019-09-05,275018.5,0.02273090967281899,18.371634382795875
2019-09-06,275081.1,0.02276210509473131,18.39857825861644
2019-09-09,275143.7,0.0227569251395332,18.425522134437045
2019-09-10,275206.3,0.02275174754136078,18.452466010257606
2019-09-11,275268.9,0.022746572298681933,18.479409886078212
2019-09-12,275331.5,0.022741399409809127,18.506353761898776
2019-09-13,275394.2,0.022772548727623132,18.533340679054543
2019-09-16,275456.8,0.022731052433200283,18.56028455487513
2019-09-17,275519.5,0.022762189933245303,18.587271472030874
2019-09-18,275582.2,0.022757009939411432,18.614258389186645
2019-09-19,275644.9,0.02275183230266986,18.641245306342412
2019-09-20,275702.4,0.02086017190958689,18.66599407406899
2019-09-23,275759.9,0.02085582134940811,18.690742841795572
2019-09-24,275817.5,0.020887736034125304,18.715534650857315
2019-09-25,275875.1,0.020883373970104202,18.740326459919054
2019-09-26,275932.7,0.020879013727603812,18.765118268980817
2019-09-27,275990.3,0.020874655305425094,18.78991007804256
2019-09-30,276047.8,0.020834065545050073,18.814658845769117
2019-10-01,276105.5,0.020902177086723484,18.839493696166066
2019-10-02,276163.1,0.020861590949827757,18.864285505227805
2019-10-03,276220.8,0.020893450283554493,18.889120355624733
2019-10-04,276278.4,0.020852882911071013,18.913912164686497
2019-10-07,276336.1,0.02088473076431452,18.9387470150834
2019-10-08,276393.8,0.020880369955289524,18.96358186548033
2019-10-09,276451.4,0.020839830705332574,18.988373674542093
2019-10-10,276509.1,0.020871661348054182,19.013208524938996
2019-10-11,276566.8,0.020867305994642926,19.038043375335945
2019-10-14,276624.6,0.020899110088401507,19.062921267068035
2019-10-15,276682.3,0.020858593198158637,19.08775611746496
2019-10-16,276740.1,0.020890385832417202,19.112634009197073
2019-10-17,276797.8,0.02084988767439011,19.137468859593998
2019-10-18,276855.6,0.020881668857186675,19.16234675132611
2019-10-21,276913.4,0.020877309326605697,19.187224643058222
2019-10-22,276971.2,0.020872951615924507,19.212102534790333
2019-10-23,277029.0,0.02086859572403288,19.236980426522422
2019-10-24,277086.8,0.020864241649776183,19.26185831825451
2019-10-25,277144.6,0.0208598893920664,19.28673620998662
2019-10-28,277202.5,0.02089162119702781,19.311657143053917
2019-10-29,277260.3,0.020851182799574985,19.336535034786007
2019-10-30,277318.2,0.0208829031779878,19.361455967853303
2019-10-31,277376.1,0.02087854313201909,19.386376900920553
2019-11-01,277428.8,0.018999473999392613,19.40905968455866
2019-11-04,277481.4,0.018959819600583572,19.431699426861606
2019-11-05,277534.1,0.018992263985961877,19.454382210499666
2019-11-06,277586.8,0.018988657610008453,19.47706499413777
2019-11-07,277639.5,0.018985052603359698,19.499747777775877
2019-11-08,277692.2,0.01898144896530507,19.522430561413962
2019-11-11,277744.9,0.018977846695023004,19.545113345052066
2019-11-12,277797.7,0.019010250053197453,19.567839170025337
2019-11-13,277850.4,0.018970639425752722,19.59052195366344
2019-11-14,277903.1,0.018967041256723327,19.613204737301505
2019-11-18,277955.9,0.01899942821799172,19.635930562274794
2019-11-19,278008.7,0.018995819120948276,19.658656387248065
2019-11-21,278114.3,0.03798442278963865,19.7041080371946
2019-11-22,278167.0,0.018949043612659366,19.726790820832708
2019-11-25,278219.8,0.018981403257756213,19.749516645805976
2019-11-26,278272.7,0.019013743809748185,19.77228551211443
2019-11-27,278325.5,0.01897419330030292,19.795011337087697
2019-11-28,278378.3,0.018970593783174117,19.817737162060965
2019-11-29,278431.2,0.01900291797169995,19.84050602836942
2019-12-02,278484.1,0.018999307548850375,19.86327489467785
2019-12-03,278536.9,0.01895978980488433,19.886000719651143
2019-12-04,278589.8,0.018992097635894822,19.908769585959575
2019-12-05,278642.7,0.018988491323090884,19.93153845226803
2019-12-06,278695.6,0.01898488637956941,19.954307318576458
2019-12-09,278748.5,0.01898128280461986,19.97707618488491
2019-12-10,278801.4,0.01897768059739846,19.99984505119339
2019-12-11,278854.3,0.01897407975712806,20.02261391750182
2019-12-12,278907.3,0.01900634130440615,20.045425825145436
2019-12-13,278954.9,0.01706660241593827,20.065913500689536
2019-12-16,279002.6,0.017099538312459472,20.086444217568776
2019-12-17,279050.3,0.01709661487026004,20.10697493444804
2019-12-18,279098.0,0.01709369242750558,20.127505651327304
2019-12-19,279145.7,0.017090770983663184,20.14803636820659
2019-12-20,279193.4,0.017087850538266558,20.168567085085854
2019-12-23,279241.1,0.01708493109076059,20.189097801965094
2019-12-26,279336.5,0.034164025281380184,20.230159235723622
2019-12-27,279384.3,0.017111977847505955,20.25073299393807
2019-12-30,279432.0,0.01707325715869512,20.271263710817333
2020-01-02,279527.5,0.03417647227232923,20.312368185911023
2020-01-03,279575.3,0.01710028530286234,20.332941944125473
2020-01-06,279623.1,0.017097361605267203,20.353515702339898
2020-01-07,279670.8,0.01705867648273962,20.374046419219162
2020-01-08,279718.6,0.017091523319545665,20.394620177433588
2020-01-09,279766.4,0.017088602617065796,20.415193935648055
2020-01-10,279814.3,0.017121427019106683,20.435810735197645
2020-01-13,279862.1,0.017082758100639417,20.456384493412095
2020-01-14,279909.9,0.017079840392830725,20.47695825162654
2020-01-15,279957.7,0.01707692368151381,20.49753200984099
2020-01-16,280005.6,0.017109727648123574,20.51814880939058
2020-01-17,280053.4,0.017071087149700404,20.53872256760505
2020-01-20,280101.3,0.01710388090270243,20.55933936715464
2020-01-21,280149.1,0.017065254606096758,20.579913125369064
2020-01-22,280197.0,0.01709803815184152,20.600529924918696
2020-01-23,280244.9,0.017095115222520718,20.621146724468332
2020-01-24,280292.8,0.017092193292356228,20.641763524017918
2020-01-27,280340.7,0.017089272360903962,20.662380323567554
2020-01-28,280388.6,0.017086352427586604,20.682997123117165
2020-01-29,280436.5,0.017083433491960065,20.703613922666776
2020-01-30,280484.4,0.01708051555344703,20.724230722216408
2020-01-31,280532.3,0.017077598611536793,20.744847521765998
2020-02-03,280580.3,0.01711032918489952,20.765507362650794
2020-02-04,280628.2,0.01707176163117108,20.786124162200426
2020-02-05,280676.2,0.017104482015706246,20.80678400308522
2020-02-06,280724.2,0.01710155688299242,20.827443843970016
2020-02-07,280769.4,0.01610121250679164,20.84689852746986
2020-02-10,280814.8,0.016169853267467005,20.86643929364005
2020-02-11,280860.1,0.016131628389959296,20.885937018475055
2020-02-12,280905.4,0.01612902651535464,20.905434743310103
2020-02-13,280950.7,0.016126425479900952,20.92493246814513
2020-02-14,280996.1,0.016159418716510388,20.944473234315296
2020-02-17,281041.4,0.01612122018777029,20.963970959150345
2020-02-18,281086.8,0.0161542036155371,20.983511725320536
2020-02-19,281132.1,0.01611601825486364,21.00300945015554
2020-02-20,281177.5,0.016148991879627594,21.022550216325754
2020-02-21,281222.9,0.01614638440132765,21.042090982495964
2020-02-26,281268.3,0.016143777764887624,21.061631748666155
2020-02-27,281313.6,0.016105618727735305,21.081129473501157
2020-02-28,281359.0,0.016138572752977254,21.10067023967137
2020-03-02,281404.4,0.016135968637942533,21.120211005841583
2020-03-03,281449.8,0.0161333653631468,21.13975177201177
2020-03-04,281495.3,0.016166293243058405,21.159335579517148
2020-03-05,281540.7,0.016128155603323258,21.178876345687357
2020-03-06,281586.1,0.016125554848711587,21.198417111857548
2020-03-09,281631.6,0.016158468049387587,21.21800091936292
2020-03-10,281677.0,0.01612035013116575,21.237541685533134
2020-03-11,281722.4,0.01611775189314102,21.257082451703326
2020-03-12,281767.9,0.01615065042750441,21.27666625920872
2020-03-13,281813.4,0.01614804241363288,21.296250066714094
2020-03-16,281858.9,0.016145435241909922,21.31583387421947
2020-03-17,281904.3,0.016107350167038348,21.335374640389638
2020-03-18,281949.8,0.016140229148686736,21.35495844789501
2020-03-19,281995.3,0.016137624499124037,21.374542255400407
2020-03-20,282035.4,0.014220095157635448,21.391801830806244
2020-03-23,282075.6,0.014253529876029347,21.409104447547243
2020-03-24,282115.7,0.014216047045545466,21.426364022953102
2020-03-25,282155.8,0.01421402637284963,21.44362359835892
2020-03-26,282196.0,0.014247447686699388,21.46092621509994
2020-03-27,282236.1,0.014209981714818909,21.478185790505776
2020-03-30,282276.3,0.014243394094526352,21.495488407246775
2020-03-31,282316.4,0.014205939358014064,21.512747982652634
2020-04-01,282356.6,0.014239342808264333,21.530050599393636
2020-04-02,282396.8,0.014237315508114357,21.547353216134656
2020-04-03,282437.0,0.014235288785147127,21.56465583287566
2020-04-06,282477.1,0.014197856513131768,21.581915408281493
2020-04-07,282517.3,0.014231242107776154,21.599218025022516
2020-04-08,282557.5,0.014229217113426174,21.616520641763536
2020-04-09,282597.7,0.014227192695304147,21.63382325850456
2020-04-13,282637.9,0.014225168853121417,21.651125875245558
2020-04-14,282678.1,0.01422314558661153,21.668428491986557
2020-04-15,282718.4,0.014256498823228547,21.685774150062763
2020-04-16,282758.6,0.014219095750389599,21.703076766803765
2020-04-17,282798.8,0.014217074211009262,21.720379383544785
2020-04-20,282839.0,0.014215053246346976,21.737682000285808
2020-04-22,282879.3,0.01424838865926592,21.755027658361993
2020-04-23,282919.5,0.014211008016506987,21.772330275103013
2020-04-24,282959.8,0.014244334519175617,21.789675933179197
2020-04-27,283000.0,0.014206965088336965,21.806978549920196
2020-04-28,283040.3,0.014240282685507033,21.824324207996384
2020-04-29,283080.6,0.014238255117726695,21.84166986607259
2020-04-30,283120.8,0.014200902499150736,21.858972482813588
2020-05-04,283161.1,0.014234206741425837,21.876318140889772
2020-05-05,283201.4,0.014232180903395175,21.893663798966003
2020-05-06,283241.7,0.014230155641881126,21.911009457042184
2020-05-07,283282.0,0.014228130956706053,21.92835511511837
2020-05-08,283314.1,0.011331464759489762,21.94217138371006
2020-05-11,283346.3,0.011365477397706769,21.95603069363694
2020-05-12,283378.4,0.011328893301243426,21.969846962228658
2020-05-13,283410.6,0.011362898513067599,21.983706272155533
2020-05-14,283442.7,0.011326323009797079,21.997522540747248
2020-05-15,283474.9,0.011360320798536883,22.011381850674127
2020-05-18,283507.0,0.011323753884373566,22.02519811926582
2020-05-19,283539.2,0.011357744253226443,22.03905742919272
2020-05-20,283571.4,0.011356454416189266,22.0529167391196
2020-05-21,283603.5,0.011319900384876291,22.066733007711292
2020-05-22,283635.7,0.011353879624187435,22.08059231763817
2020-05-25,283667.9,0.011352590664714945,22.09445162756507
2020-05-26,283700.1,0.011351301997852836,22.108310937491925
2020-05-27,283732.3,0.011350013623534494,22.122170247418804
2020-05-28,283764.4,0.011313481052388497,22.13598651601054
2020-05-29,283796.6,0.011347441750952925,22.149845825937398
2020-06-01,283828.8,0.011346154252733776,22.163705135864276
2020-06-02,283861.0,0.011344867046614304,22.177564445791177
2020-06-03,283893.3,0.011378808642259486,22.191466797053216
2020-06-04,283925.4,0.011307065013532736,22.20528306564493
2020-06-05,283957.7,0.011376227699244623,22.219185416906996
2020-06-08,283989.9,0.011339717148017847,22.233044726833874
2020-06-09,284022.1,0.011338431401952676,22.24690403676075
2020-06-10,284054.3,0.011337145947454275,22.26076334668763
2020-06-12,284086.5,0.011335860784367213,22.274622656614508
2020-06-15,284118.8,0.011369776458924896,22.28852500787657
2020-06-16,284151.0,0.011333287343195941,22.302384317803448
2020-06-17,284183.3,0.011367195610789693,22.316286669065512
2020-06-18,284215.5,0.011330715070179131,22.330145978992388
2020-06-19,284239.5,0.008444296669263274,22.340475899434797
2020-06-22,284263.5,0.008443583668005239,22.350805819877184
2020-06-23,284287.5,0.008442870787139789,22.361135740319572
2020-06-24,284311.5,0.00844215802664472,22.37146566076198
2020-06-25,284335.5,0.008441445386475621,22.381795581204365
2020-06-26,284359.5,0.008440732866632494,22.392125501646774
2020-06-29,284383.5,0.008440020467048726,22.40245542208916
2020-06-30,284407.5,0.00843930818770211,22.41278534253155
2020-07-01,284431.5,0.008438596028592649,22.42311526297396
2020-07-02,284455.5,0.008437883989631523,22.433445183416346
2020-07-03,284479.5,0.008437172070840937,22.443775103858755
2020-07-06,284503.5,0.008436460272176483,22.454105024301143
2020-07-07,284527.5,0.00843574859359375,22.46443494474355
2020-07-08,284551.6,0.008470183022724065,22.4748079065211
2020-07-09,284575.6,0.008434322632511204,22.48513782696351
2020-07-10,284599.6,0.00843361131452891,22.495467747405897
2020-07-13,284623.6,0.008432900116517317,22.50579766784828
2020-07-14,284647.7,0.00846732315944454,22.516170629625876
2020-07-15,284671.7,0.008431475118197973,22.526500550068285
2020-07-16,284695.7,0.008430764280387137,22.536830470510672
2020-07-17,284719.8,0.008465178785610483,22.547203432288242
2020-07-20,284743.8,0.008429340003757169,22.55753335273063
2020-07-21,284767.8,0.008428629525902842,22.567863273173018
2020-07-22,284791.9,0.008463035497707772,22.57823623495061
2020-07-23,284815.9,0.008427205970384932,22.588566155393018
2020-07-24,284839.9,0.008426495852242866,22.598896075835405
2020-07-27,284864.0,0.008460893294781613,22.60926903761298
2020-07-28,284888.0,0.008425073017304108,22.619598958055363
2020-07-29,284912.1,0.008459464772103686,22.629971919832936
2020-07-30,284936.1,0.008423650662781057,22.640301840275324
2020-07-31,284960.2,0.00845803673175105,22.65067480205292
2020-08-03,284984.3,0.008457321408394947,22.661047763830467
2020-08-04,285008.3,0.008421516553713815,22.671377684272876
2020-08-05,285032.4,0.008455894091508043,22.681750646050446
2020-08-06,285056.4,0.00842009539967492,22.692080566492855
2020-08-07,285077.7,0.007472205500391738,22.701248370885473
2020-08-10,285099.0,0.007471647203538545,22.71041617527809
2020-08-11,285120.3,0.007471088990129715,22.71958397967071
2020-08-12,285141.6,0.007470530860120839,22.72875178406335
2020-08-13,285162.9,0.00746997281353412,22.73791958845599
2020-08-14,285184.2,0.007469414850236333,22.74708739284861
2020-08-17,285205.5,0.0074688569703385,22.756255197241227
2020-08-18,285226.8,0.007468299173751802,22.765423001633845
2020-08-19,285248.1,0.0074677414604762404,22.774590806026463
2020-08-20,285269.4,0.007467183830511814,22.783758610419124
2020-08-21,285290.7,0.007466626283791911,22.792926414811742
2020-08-24,285312.0,0.007466068820316529,22.80209421920436
2020-08-25,285333.3,0.007465511440107875,22.811262023596978
2020-08-26,285354.7,0.007500000876170532,22.820472869324803
2020-08-27,285376.0,0.007464394313450029,22.82964067371742
2020-08-28,285397.3,0.007463837183219191,22.83880847811004
2020-08-31,285418.6,0.007463280136144057,22.847976282502657
2020-09-01,285439.9,0.007462723172224628,22.857144086895296
2020-09-02,285461.3,0.007497199935935228,22.8663549326231
2020-09-03,285482.6,0.007461606879810567,22.875522737015718
2020-09-04,285503.9,0.007461050165602501,22.88469054140836
2020-09-08,285525.2,0.007460493534416912,22.89385834580098
2020-09-09,285546.5,0.00745993698629821,22.903026150193597
2020-09-10,285567.9,0.007494401087049241,22.91223699592142
2020-09-11,285589.2,0.007458821527195347,22.921404800314036
2020-09-14,285610.5,0.0074582652285215545,22.930572604706654
2020-09-15,285631.8,0.007457709012803626,22.939740409099272
2020-09-16,285653.2,0.007492162987454698,22.9489512548271
2020-09-17,285674.5,0.007456594219834578,22.95811905921972
2020-09-18,285695.9,0.0074910431277608325,22.96732990494754
2020-09-21,285717.2,0.007455479760110073,22.97649770934016
2020-09-22,285738.5,0.007454923959770987,22.985665513732776
2020-09-23,285759.9,0.007489365276303062,22.99487635946058
2020-09-24,285781.2,0.0074538099992249585,23.004044163853198
2020-09-25,285802.6,0.007488246252718156,23.013255009581002
2020-09-28,285823.9,0.0074526963715682015,23.02242281397364
2020-09-29,285845.3,0.007487127563488016,23.031633659701424
2020-09-30,285866.6,0.007451583076578672,23.040801464094063
2020-10-01,285888.0,0.0074860092085016205,23.050012309821867
2020-10-02,285909.3,0.007450470114167551,23.059180114214485
2020-10-05,285930.7,0.007484891187536924,23.06839095994231
2020-10-06,285952.0,0.007449357484179409,23.077558764334928
2020-10-07,285973.4,0.0074837735004607,23.08676961006273
2020-10-08,285994.8,0.007483213473680195,23.09598045579053
2020-10-09,286016.1,0.007447687860051566,23.10514826018315
2020-10-13,286037.5,0.007482096287603213,23.114359105910953
2020-10-14,286058.8,0.0074465760608211085,23.12352691030357
2020-10-15,286080.2,0.007480979435015023,23.132737756031396
2020-10-16,286101.6,0.007480419826322304,23.141948601759175
2020-10-19,286122.9,0.00744490768316286,23.151116406151818
2020-10-20,286144.3,0.007479303474133836,23.16032725187962
2020-10-21,286165.7,0.0074787441161738855,23.169538097607422
2020-10-22,286187.1,0.007478184841835933,23.178748943335226
2020-10-23,286208.4,0.007442683475278322,23.187916747727865
2020-10-26,286229.8,0.00747706915658064,23.197127593455647
2020-10-27,286251.2,0.007476510132775616,23.206338439183472
2020-10-28,286272.6,0.007475951192503771,23.21554928491125
2020-10-29,286294.0,0.007475392335853925,23.224760130639076
2020-10-30,286315.3,0.007439904433903521,23.233927935031694
2020-11-03,286336.7,0.007474277483598968,23.243138780759498
2020-11-04,286358.1,0.007473718877104574,23.25234962648728
2020-11-05,286379.5,0.0074731603541211555,23.261560472215102
2020-11-06,286400.9,0.007472601914604304,23.270771317942906
2020-11-09,286422.3,0.007472043558509611,23.27998216367071
2020-11-10,286443.7,0.0074714852859036895,23.289193009398513
2020-11-11,286465.1,0.0074709270966533126,23.298403855126317
2020-11-12,286486.5,0.007470368990847298,23.307614700854117
2020-11-13,286507.9,0.007469810968419033,23.31682554658192
2020-11-16,286529.3,0.007469253029301903,23.326036392309724
2020-11-17,286550.7,0.007468695173584727,23.335247238037525
2020-11-18,286572.1,0.007468137401156483,23.34445808376533
2020-11-19,286593.5,0.007467579712061578,23.353668929493132
2020-11-20,286614.9,0.007467022106233401,23.362879775220957
2020-11-23,286636.3,0.007466464583649746,23.37209062094874
2020-11-24,286657.7,0.007465907144355022,23.38130146667654
2020-11-25,286679.1,0.007465349788260411,23.390512312404343
2020-11-26,286700.5,0.007464792515410323,23.399723158132147
2020-11-27,286721.9,0.00746423532571594,23.408934003859972
2020-11-30,286743.4,0.007498555220242231,23.418187890922937
2020-12-01,286764.8,0.0074631185931206545,23.42739873665074
2020-12-02,286786.2,0.0074625616533152694,23.436609582378544
2020-12-03,286807.6,0.0074620047965989755,23.445820428106323
2020-12-04,286829.0,0.007461448022993977,23.455031273834148
2020-12-07,286850.5,0.007495755310649166,23.464285160897134
2020-12-08,286871.9,0.007460332124242797,23.473496006624938
2020-12-09,286893.3,0.007459775600171525,23.48270685235272
2020-12-10,286914.8,0.007494075323477567,23.491960739415706
2020-12-11,286936.2,0.0074586602015758174,23.50117158514351
2020-12-14,286957.6,0.007458103926927251,23.510382430871314
2020-12-15,286979.0,0.007457547735278958,23.519593276599117
2020-12-16,287000.5,0.007491837381823352,23.528847163662103
2020-12-17,287021.9,0.007456433002728247,23.538058009389907
2020-12-18,287043.3,0.0074558770602362046,23.547268855117707
2020-12-21,287064.8,0.007490159150203013,23.556522742180675
2020-12-22,287086.3,0.007489598167387257,23.56577662924366
2020-12-23,287107.7,0.007454204537116205,23.574987474971465
2020-12-28,287150.6,0.014942127988892828,23.593452207762233
2020-12-29,287172.0,0.007452535359497858,23.60266305349006
2020-12-30,287193.5,0.007486802334488729,23.611916940553044
2021-01-04,287236.4,0.014937663979175397,23.630381673343837
2021-01-05,287257.8,0.007450309222645224,23.639592519071616
2021-01-06,287279.3,0.0074845661284017595,23.648846406134606
2021-01-07,287300.8,0.007484005983027231,23.65810029319757
2021-01-08,287322.2,0.00744863919628358,23.667311138925395
2021-01-11,287343.7,0.007482888548127065,23.67656502598836
2021-01-12,287365.1,0.007447527125159503,23.685775871716164
2021-01-13,287386.6,0.007481771446848917,23.69502975877913
2021-01-14,287408.1,0.0074812117196731975,23.704283645842118
2021-01-15,287429.5,0.007445858345689338,23.713494491569918
2021-01-18,287451.0,0.007480095118972407,23.722748378632907
2021-01-19,287472.5,0.007479535642596069,23.732002265695897
2021-01-20,287493.9,0.007444190313865562,23.741213111423697
2021-01-21,287515.4,0.007478419542117365,23.750466998486687
2021-01-22,287536.9,0.007477860316362772,23.759720885549672
2021-01-26,287579.8,0.014919824203429854,23.77818561834044
2021-01-27,287601.3,0.0074761857404404,23.787439505403405
2021-01-28,287622.8,0.007475626848707506,23.796693392466395
2021-01-29,287644.3,0.007475068040507793,23.80594727952936
2021-02-01,287644.3,0.0,23.80594727952936
2021-02-02,287687.3,0.01494901863168252,23.824455053655335
2021-02-03,287708.8,0.007473392117063327,23.833708940718303
2021-02-04,287730.2,0.007438076277122008,23.842919786446124
2021-02-05,287751.7,0.00747227784918536,23.852173673509093
2021-02-08,287773.2,0.0074717195415408,23.86142756057208
2021-02-09,287794.7,0.007471161317318398,23.870681447635068
2021-02-10,287816.2,0.007470603176495949,23.879935334698033
2021-02-11,287837.7,0.007470045119073454,23.889189221761022
2021-02-12,287859.2,0.007469487145006504,23.898443108824008
2021-02-17,287880.7,0.007468929254295098,23.907696995886973
2021-02-18,287902.2,0.007468371446917033,23.916950882949962
2021-02-19,287923.7,0.007467813722850103,23.926204770012948
2021-02-22,287945.2,0.0074672560820721046,23.935458657075912
2021-02-23,287966.7,0.0074666985245830375,23.944712544138902
2021-02-24,287988.2,0.007466141050338493,23.95396643120189
2021-02-25,288009.8,0.00750030730425344,23.963263359600017
2021-02-26,288031.3,0.0074650237596118885,23.972517246663006
2021-03-01,288052.8,0.007464466535411773,23.981771133725992
2021-03-02,288074.3,0.007463909394389567,23.99102502078896
2021-03-03,288095.8,0.007463352336523066,24.000278907851946
2021-03-04,288117.3,0.007462795361812269,24.009532794914932
2021-03-05,288138.8,0.007462238470234972,24.0187866819779
2021-03-08,288160.4,0.007496387157868156,24.028083610376072
2021-03-09,288181.9,0.007461122347129923,24.03733749743906
2021-03-10,288203.4,0.007460565705197375,24.046591384502047
2021-03-11,288224.9,0.00746000914630951,24.055845271565012
2021-03-12,288246.5,0.007494147799147477,24.065142199963162
2021-03-15,288268.0,0.00745889368996,24.07439608702615
2021-03-16,288289.5,0.007458337380494839,24.083649974089116
2021-03-17,288311.1,0.007492468508218941,24.092946902487267
2021-03-18,288332.6,0.007457222423967735,24.102200789550253
2021-03-19,288362.5,0.010369968571022348,24.11507014876808
2021-03-22,288392.4,0.010368893320045203,24.127939507985907
2021-03-23,288422.4,0.010402493269578983,24.140851908538895
2021-03-24,288452.3,0.01036673989258663,24.1537212677567
2021-03-25,288482.3,0.010400333088012026,24.16663366830969
2021-03-26,288512.2,0.010364587359434907,24.179503027527538
2021-03-29,288542.2,0.01039817380339425,24.192415428080526
2021-03-30,288572.1,0.01036243571996831,24.205284787298332
2021-03-31,288602.1,0.010396015415214954,24.21819718785132
2021-04-01,288632.0,0.010360284973676137,24.231066547069148
2021-04-05,288662.0,0.01039385792289682,24.243978947622136
2021-04-06,288691.9,0.010358135119981071,24.256848306839963
2021-04-07,288721.9,0.010391701325884739,24.269760707392972
2021-04-08,288751.9,0.010390621563516333,24.28267310794596
2021-04-09,288781.8,0.010354910218768332,24.295542467163767
2021-04-12,288811.8,0.010388466309163569,24.308454867716755
2021-04-13,288841.8,0.010387387218946387,24.321367268269768
2021-04-14,288871.8,0.010386308352883233,24.334279668822756
2021-04-15,288901.8,0.010385229710885291,24.347192069375744
2021-04-16,288931.7,0.01034953745528977,24.36006142859357
2021-04-19,288961.7,0.010383076692521698,24.37297382914656
2021-04-20,288991.7,0.01038199872163137,24.385886229699572
2021-04-22,289021.7,0.010380920974539798,24.39879863025256
2021-04-23,289051.7,0.010379843451202575,24.41171103080555
2021-04-26,289081.7,0.010378766151530883,24.42462343135856
2021-04-27,289111.7,0.010377689075435903,24.43753583191155
2021-04-28,289141.7,0.010376612222895432,24.450448232464538
2021-04-29,289171.7,0.010375535593798446,24.46336063301753
2021-04-30,289201.8,0.0104090407187174,24.476316074905704
2021-05-03,289231.8,0.01037337941880434,24.48922847545869
2021-05-04,289261.8,0.010372303460415289,24.50214087601168
2021-05-05,289291.8,0.01037122772520327,24.515053276564693
2021-05-06,289321.8,0.010370152213101669,24.52796567711768
2021-05-07,289360.2,0.013272418462761948,24.544493549825532
2021-05-10,289398.6,0.01327065712559694,24.561021422533337
2021-05-11,289437.0,0.01326889625590244,24.577549295241184
2021-05-12,289475.4,0.013267135853411993,24.594077167949035
2021-05-13,289513.8,0.013265375917947964,24.610605040656843
2021-05-14,289552.3,0.01329815711721416,24.627175954699855
2021-05-17,289590.7,0.013261852867341162,24.643703827407705
2021-05-18,289629.1,0.01326009433313402,24.66023170011551
2021-05-19,289667.5,0.013258336265242754,24.676759572823357
2021-05-20,289706.0,0.013291101003742867,24.693330486866373
2021-05-21,289744.4,0.013254816952357196,24.70985835957422
2021-05-24,289782.8,0.013253060283457962,24.726386232282028
2021-05-25,289821.3,0.0132858126845381,24.74295714632504
2021-05-26,289859.8,0.013284047790818043,24.75952806036805
2021-05-27,289898.2,0.01324778392866044,24.776055933075902
2021-05-28,289936.7,0.013280523990832904,24.792626847118914
2021-05-31,289975.1,0.013244270214829434,24.809154719826722
2021-06-01,290013.6,0.013277002059841614,24.825725633869734
2021-06-02,290052.1,0.013275239506005398,24.842296547912746
2021-06-04,290090.6,0.013273477420083779,24.858867461955757
2021-06-07,290129.1,0.01327171580189912,24.87543837599877
2021-06-08,290167.6,0.013269954651229376,24.892009290041784
2021-06-09,290206.1,0.013268193967896913,24.908580204084796
2021-06-10,290244.6,0.013266433751746298,24.925151118127808
2021-06-11,290283.1,0.013264674002555488,24.941722032170823
2021-06-14,290321.6,0.013262914720146846,24.95829294621381
2021-06-15,290360.1,0.013261155904342736,24.974863860256825
2021-06-16,290398.7,0.013293837548622456,24.991477815635044
2021-06-17,290437.2,0.013257635106489474,25.008048729678034
2021-06-18,290484.1,0.01614806918672773,25.028235115875887
2021-06-21,290530.9,0.01611103671423919,25.048378460738576
2021-06-22,290577.8,0.016142861224044402,25.068564846936404
2021-06-23,290624.7,0.016140255724983454,25.088751233134253
2021-06-24,290671.6,0.016137651066805425,25.108937619332107
2021-06-25,290718.5,0.016135047249199452,25.129124005529956
2021-06-28,290765.4,0.016132444271699242,25.14931039172781
2021-06-29,290812.3,0.01612984213388291,25.16949677792566
2021-06-30,290859.3,0.01616162727642312,25.189726205458673
2021-07-01,290906.2,0.016124634832048734,25.209912591656526
2021-07-02,290953.2,0.016156410554324374,25.23014201918956
2021-07-05,291000.1,0.01611943089128154,25.25032840538739
2021-07-06,291047.1,0.01615119719891034,25.270557832920424
2021-07-07,291094.0,0.01611423030842829,25.290744219118277
2021-07-08,291141.0,0.016145987206872547,25.310973646651313
2021-07-12,291235.0,0.03228676139739317,25.351432501717362
2021-07-13,291282.0,0.016138170206181357,25.37166192925038
2021-07-14,291329.0,0.01613556622104273,25.391891356783415
2021-07-15,291376.0,0.016132963076120888,25.41212078431643
2021-07-16,291423.0,0.01613036077097174,25.432350211849464
2021-07-19,291470.0,0.01612775930519561,25.452579639382478
2021-07-20,291517.1,0.016159467526666305,25.472852108250677
2021-07-21,291564.1,0.01612255335965429,25.49308153578369
2021-07-22,291611.2,0.016154252186750817,25.513354004651912
2021-07-23,291658.2,0.016117350773914296,25.533583432184948
2021-07-26,291705.3,0.016149040212121157,25.553855901053147
2021-07-27,291752.3,0.016112151544733777,25.57408532858616
2021-07-28,291799.4,0.016143831599624292,25.594357797454382
2021-07-29,291846.5,0.016141225787302815,25.614630266322578
2021-07-30,291893.6,0.016138620816064098,25.634902735190757
2021-08-02,291940.7,0.016136016685552868,25.655175204058978
2021-08-03,291987.8,0.016133413395236218,25.675447672927177
2021-08-04,292034.9,0.016130810944847696,25.695720141795398
2021-08-05,292082.1,0.01616245181652598,25.71603565199876
2021-08-06,292140.3,0.019925904394701988,25.741085709071566
2021-08-09,292198.5,0.019921934769007166,25.766135766144373
2021-08-10,292256.8,0.019952190035188444,25.791228864552362
2021-08-11,292315.0,0.019913993446873945,25.81627892162517
2021-08-12,292373.3,0.019944238236146994,25.84137202003316
2021-08-13,292431.5,0.019906058453367237,25.866422077105966
2021-08-16,292489.8,0.019936292772837483,25.89151517551396
2021-08-17,292548.1,0.01993231900736525,25.91660827392195
2021-08-18,292606.4,0.019928346825714982,25.941701372329938
2021-08-19,292664.7,0.01992437622690968,25.96679447073793
2021-08-20,292723.0,0.019920407210016755,25.991887569145923
2021-08-23,292781.4,0.01995060176345209,26.017023708889077
2021-08-24,292839.7,0.019912467117100263,26.042116807297067
2021-08-25,292898.1,0.019942651218385343,26.06725294704022
2021-08-26,292956.5,0.019938674918007493,26.092389086783395
2021-08-27,293014.8,0.019900565442299012,26.117482185191363
2021-08-30,293073.3,0.01996486184314694,26.142661366269703
2021-08-31,293131.7,0.01992675552500156,26.16779750601288
2021-09-01,293190.1,0.019922785560200218,26.192933645756035
2021-09-02,293248.5,0.019918817176978187,26.21806978549921
2021-09-03,293306.9,0.019914850374358473,26.243205925242385
2021-09-06,293365.4,0.019944979132779928,26.268385106320725
2021-09-08,293423.9,0.019941001904100197,26.293564287399064
2021-09-09,293482.3,0.019902945874550326,26.31870042714222
2021-09-10,293540.8,0.01993305899539166,26.343879608220554
2021-09-13,293599.3,0.019929086518799544,26.369058789298894
2021-09-14,293657.8,0.019925115625274437,26.394237970377233
2021-09-15,293716.4,0.019955199555421466,26.419460192790755
2021-09-16,293774.9,0.01991717180245267,26.444639373869094
2021-09-17,293833.5,0.019947245322859963,26.46986159628262
2021-09-20,293892.0,0.019909234311277224,26.495040777360956
2021-09-21,293950.6,0.019939297428983593,26.52026299977446
2021-09-22,294009.2,0.019935322465758354,26.54548522218798
2021-09-23,294067.8,0.01993134908702121,26.570707444601503
2021-09-24,294137.4,0.023668011254551757,26.60066421388447
2021-09-27,294207.1,0.02369640854917865,26.630664024502558
2021-09-28,294276.8,0.023690794681718863,26.66066383512069
2021-09-29,294346.5,0.02368518347353188,26.690663645738823
2021-09-30,294416.2,0.023679574922752522,26.720663456356952
2021-10-01,294485.9,0.023673969027515618,26.75066326697508
2021-10-04,294555.7,0.0237023232691147,26.78070611892838
2021-10-05,294625.5,0.023696706599118933,26.810748970881694
2021-10-06,294695.3,0.023691092590416574,26.840791822834987
2021-10-07,294765.1,0.023685481241120243,26.87083467478828
2021-10-08,294834.9,0.02367987254938697,26.900877526741596
2021-10-11,294904.7,0.023674266513218356,26.93092037869489
2021-10-13,294974.6,0.023702572390327248,26.96100627198337
2021-10-14,295044.4,0.023663054378264547,26.991049123936683
2021-10-15,295114.3,0.023691349505350345,27.02113501722514
2021-10-18,295184.2,0.023685738034395776,27.051220910513642
2021-10-19,295254.1,0.023680129221004265,27.081306803802097
2021-10-20,295324.1,0.023708392195054273,27.11143573842576
2021-10-21,295394.0,0.023668911544993954,27.141521631714237
2021-10-22,295464.0,0.023697163788027886,27.171650566337902
2021-10-25,295534.0,0.023691549562721015,27.201779500961543
2021-10-26,295604.0,0.023685937996975603,27.231908435585204
2021-10-27,295674.0,0.023680329088926477,27.26203737020887
2021-10-28,295744.0,0.02367472283664185,27.29216630483251
2021-10-29,295830.6,0.029282081800463544,27.329440101095482
2021-11-01,295917.1,0.02923970677812804,27.36667085602329
2021-11-03,296003.7,0.029264952920948772,27.403944652286285
2021-11-04,296090.3,0.02925639105186839,27.441218448549254
2021-11-05,296176.9,0.0292478341911373,27.478492244812248
2021-11-08,296263.6,0.029273045939759434,27.51580908241038
2021-11-09,296350.3,0.029264479335289195,27.553125920008537
2021-11-10,296436.9,0.029222173893539427,27.59039971627153
2021-11-11,296523.7,0.029281105017631148,27.62775959520487
2021-11-12,296610.4,0.029238809579146263,27.665076432803026
2021-11-16,296697.2,0.029263977257709683,27.702436311736346
2021-11-17,296784.0,0.029255415959439368,27.739796190669686
2021-11-18,296870.8,0.029246859668985437,27.777156069603002
2021-11-19,296957.7,0.0292719930690577,27.81455898987153
2021-11-22,297044.6,0.02926342708067242,27.851961910140012
2021-11-23,297131.5,0.02925486610430017,27.889364830408535
2021-11-24,297218.4,0.029246310135411235,27.92676775067706
2021-11-25,297305.3,0.029237759169675748,27.964170670945542
2021-11-26,297392.3,0.029262848660960294,28.00161663254923
2021-11-29,297479.3,0.029254288022917407,28.03906259415292
2021-11-30,297566.4,0.02927934817651412,28.076551597091793
2021-12-01,297653.4,0.029237171938767403,28.11399755869548
2021-12-02,297740.5,0.029262222437220764,28.151486561634332
2021-12-03,297827.6,0.02925366216552927,28.188975564573184
2021-12-06,297914.8,0.029278683372524483,28.22650760884724
2021-12-07,298001.9,0.02923654682480681,28.263996611786112
2021-12-08,298089.1,0.029261558399440446,28.30152865606013
2021-12-09,298176.3,0.02925299851621599,28.339060700334183
2021-12-10,298279.9,0.03474454542498062,28.383651523577203
2021-12-13,298383.6,0.034766003341135665,28.42828538815536
2021-12-14,298487.3,0.034753920791907866,28.472919252733565
2021-12-15,298591.0,0.03474184663803115,28.517553117311746
2021-12-16,298694.7,0.03472978087082357,28.562186981889948
2021-12-17,298798.5,0.03475120248199737,28.606863887803293
2021-12-20,298902.3,0.0347391302165212,28.651540793716656
2021-12-21,299006.2,0.03476052208364333,28.696260740965208
2021-12-22,299110.1,0.03474844334330207,28.740980688213735
2021-12-23,299214.1,0.03476980549972364,28.78574367679745
2021-12-27,299422.0,0.06948201973102641,28.87522661262971
2021-12-28,299526.1,0.034766984389911215,28.920032642548588
2021-12-29,299630.2,0.03475490115887325,28.964838672467508
2021-12-30,299734.3,0.034742826323896914,29.00964470238638
2022-01-03,299942.6,0.06949488263439108,29.09929980355934
2022-01-04,300046.9,0.034773319961911575,29.14419191614861
2022-01-05,300151.1,0.03472790420429028,29.18904098740265
2022-01-06,300255.4,0.03474916467074429,29.233933099991916
2022-01-07,300359.8,0.03477039880046551,29.278868253916322
2022-01-10,300464.1,0.03472501979291387,29.323760366505567
2022-01-11,300568.6,0.03477952940134088,29.368738561765184
2022-01-12,300673.0,0.03473416717516553,29.413673715689615
2022-01-13,300777.5,0.034755365463468024,29.458651910949207
2022-01-14,300882.0,0.03474329030594969,29.5036301062088
2022-01-17,300986.6,0.034764459156733096,29.548651342803577
2022-01-18,301091.1,0.0347191536101521,29.59362953806317
2022-01-19,301195.8,0.03477352867620187,29.638693815993133
2022-01-20,301300.4,0.03472823990242624,29.68371505258791
2022-01-21,301405.1,0.03474937305092407,29.728779330517852
2022-01-24,301509.9,0.03477047999520533,29.773886649782998
2022-01-25,301614.6,0.03472522792782318,29.81895092771294
2022-01-26,301719.4,0.03474632859286064,29.864058246978086
2022-01-27,301824.3,0.03476740309040771,29.909208607578375
2022-01-28,301929.2,0.034755319568380294,29.954358968178685
2022-01-31,302034.1,0.03474324444272536,29.999509328778974
2022-02-01,302139.0,0.03473117770478318,30.044659689379305
2022-02-02,302244.0,0.03475221669495543,30.08985309131478
2022-02-03,302349.1,0.03477322957610163,30.135089534585436
2022-02-04,302470.5,0.040152261078341134,30.18734171548989
2022-02-07,302592.0,0.04016920658378442,30.23963693772953
2022-02-08,302713.6,0.04018612521150544,30.29197520130431
2022-02-09,302835.1,0.040136947927016386,30.34427042354395
2022-02-10,302956.8,0.04018688718712138,30.39665172845394
2022-02-11,303078.5,0.04017074381561514,30.449033033363925
2022-02-14,303200.2,0.04015461340873827,30.501414338273914
2022-02-15,303322.0,0.04017147745944971,30.553838684519064
2022-02-16,303443.8,0.040155346463488506,30.606263030764236
2022-02-17,303565.7,0.040172183448805576,30.65873041834457
2022-02-18,303687.7,0.040188993684076024,30.71124084726009
2022-02-21,303809.6,0.04013992005602596,30.763708234840404
2022-02-22,303931.7,0.040189645093513526,30.816261705091108
2022-02-23,304053.8,0.040173499506623855,30.86881517534179
2022-02-24,304175.9,0.040157366887050294,30.921368645592494
2022-02-25,304298.1,0.04017412293346734,30.97396515717834
2022-03-02,304420.3,0.04015798981327201,31.02656166876421
2022-03-03,304542.6,0.040174718965846345,31.07920122168526
2022-03-04,304664.9,0.04015858536705608,31.13184077460631
2022-03-07,304787.3,0.040175287668509085,31.18452336886253
2022-03-08,304909.7,0.04015915361303968,31.23720596311874
2022-03-09,305032.2,0.040175829106114946,31.28993159871014
2022-03-10,305154.7,0.04015969461583779,31.34265723430154
2022-03-11,305277.3,0.040176343343212295,31.395425911228102
2022-03-14,305399.9,0.040160208440020995,31.44819458815469
2022-03-15,305522.6,0.04017683044426068,31.501006306416436
2022-03-16,305645.3,0.0401606951498934,31.553818024678183
2022-03-17,305768.1,0.04017729047363083,31.606672784275112
2022-03-18,305901.8,0.043725947867034876,31.664219049406285
2022-03-21,306035.6,0.04373952686775873,31.72180835587264
2022-03-22,306169.5,0.0437530797070762,31.779440703674176
2022-03-23,306303.4,0.04373394475936099,31.83707305147574
2022-03-24,306437.3,0.04371482654126346,31.894705399277257
2022-03-25,306571.4,0.04376099123704069,31.952423829749144
2022-03-28,306705.5,0.04374184937014913,32.01014226022103
2022-03-29,306839.6,0.043722724241979094,32.06786069069292
2022-03-30,306973.8,0.04373620614810392,32.12562216249999
2022-03-31,307108.1,0.04374966202327357,32.183426675642224
2022-04-01,307242.4,0.04373053006418992,32.24123118878448
2022-04-04,307376.8,0.04374396242183831,32.29907874326188
2022-04-05,307511.3,0.04375736880597447,32.35696933907448
2022-04-06,307645.8,0.04373823010732636,32.41485993488706
2022-04-07,307780.3,0.04371910814320312,32.47275053069967
2022-04-08,307914.9,0.04373249360014597,32.530684167847454
2022-04-11,308049.6,0.04374585315616297,32.588660846330384
2022-04-12,308184.4,0.043759186832259545,32.646680566148525
2022-04-13,308319.2,0.043740046543550015,32.70470028596664
2022-04-14,308454.0,0.04372092299149699,32.76272000578475
2022-04-18,308588.9,0.04373423589902892,32.82078276693807
2022-04-19,308723.9,0.04374752299904916,32.87888856942656
2022-04-20,308858.9,0.043728392910291625,32.93699437191502
2022-04-22,308994.0,0.04374165678890929,32.995143215738665
2022-04-25,309129.2,0.04375489491705853,33.05333510089752
2022-04-26,309264.4,0.04373575838194643,33.11152698605635
2022-04-27,309399.7,0.0437489733703611,33.16976191255034
2022-04-28,309535.0,0.04372984201341801,33.22799683904436
2022-04-29,309670.4,0.04374303390570766,33.286274806873536
2022-05-02,309805.8,0.04372390774189938,33.34455277470272
2022-05-03,309941.3,0.04373707658151815,33.40287378386708
2022-05-04,310076.9,0.04375021979969862,33.46123783436663
2022-05-05,310212.5,0.043731087352849585,33.519601884866155
2022-05-06,310359.2,0.0472901640004908,33.582743523570315
2022-05-09,310505.9,0.04726781097514898,33.64588516227447
2022-05-10,310652.7,0.04727768457861714,33.70906984231377
2022-05-11,310799.6,0.047287533634809975,33.77229756368827
2022-05-12,310946.6,0.047297358169062775,33.83556832639793
2022-05-13,311093.6,0.047274998343760366,33.898839089107604
2022-05-16,311240.7,0.04728480431615001,33.96215289315248
2022-05-17,311387.8,0.047262456356111926,34.025466697197324
2022-05-18,311535.0,0.04727224380660644,34.08882354257736
2022-05-19,311682.3,0.0472820068371016,34.15222342929256
2022-05-20,311829.7,0.04729174547288828,34.21566635734295
2022-05-23,311977.1,0.0472693909528088,34.279109285393325
2022-05-24,312124.6,0.04727911119117856,34.34259525477887
2022-05-25,312272.2,0.04728880709821137,34.40612426549963
2022-05-26,312419.8,0.04726645535528817,34.469653276220356
2022-05-27,312567.5,0.04727613294677191,34.533225328276274
2022-05-30,312715.3,0.047285786270157004,34.59684042166735
2022-05-31,312863.2,0.04729541535064552,34.660498556393634
2022-06-01,313011.1,0.047273057361807425,34.72415669111988
2022-06-02,313159.1,0.04728266825042571,34.78785786718133
2022-06-03,313307.1,0.04726032230901733,34.85155904324277
2022-06-06,313455.3,0.047301832610879835,34.91534630197457
2022-06-07,313603.4,0.047247566080410586,34.979090519371205
2022-06-08,313751.7,0.047289028116392906,35.04292081943816
2022-06-09,313900.1,0.04729854850187287,35.1067941608403
2022-06-10,314048.5,0.04727618755140384,35.170667502242466
2022-06-13,314196.9,0.04725384773371921,35.23454084364461
2022-06-14,314345.5,0.04729518337067695,35.2985002677171
2022-06-15,314494.1,0.04727282560113011,35.362459691789596
2022-06-17,314642.8,0.04728228605879181,35.42646215719729
2022-06-20,314797.1,0.049039736488487584,35.49287493737485
2022-06-21,314951.5,0.04904746581211317,35.55933075888762
2022-06-22,315105.9,0.04902342106642976,35.625786580400366
2022-06-23,315260.4,0.04903113524690195,35.692285443248295
2022-06-24,315415.0,0.04903882631626111,35.758827347431385
2022-06-27,315569.7,0.0490464943011526,35.825412292949665
2022-06-28,315724.4,0.049022450507774096,35.891997238467944
2022-06-29,315879.3,0.04906177666343936,35.95866826665657
2022-06-30,316034.2,0.049037717887823185,36.02533929484522
2022-07-01,316189.2,0.04904532484142354,36.09205336436902
2022-07-04,316344.2,0.04902128219432811,36.158767433892834
2022-07-05,316499.3,0.04902887424520497,36.225524544751806
2022-07-06,316654.5,0.04903644336653468,36.29232469694597
2022-07-07,316809.8,0.049043989584851566,36.359167890475305
2022-07-08,316965.2,0.049051512926689966,36.42605412533981
2022-07-11,317120.6,0.049027464213735605,36.492940360204315
2022-07-12,317276.1,0.04903497281476543,36.55986963640401
2022-07-13,317431.7,0.049042458603110184,36.62684195393891
2022-07-14,317587.3,0.049018418765345295,36.693814271473755
2022-07-15,317743.1,0.04905737729437032,36.76087267167898
2022-07-18,317898.9,0.04903332283219264,36.8279310718842
2022-07-19,318054.8,0.04904074848952611,36.89503251342459
2022-07-20,318210.8,0.0490481514506369,36.96217699630018
2022-07-21,318366.8,0.04902410603284668,37.02932147917575
2022-07-22,318522.9,0.04903149449000388,37.0965090033865
2022-07-25,318679.1,0.04903886031426552,37.16373956893242
2022-07-26,318835.4,0.049046203532032706,37.231013175813544
2022-07-27,318991.7,0.04902216002362625,37.298286782694646
2022-07-28,319148.2,0.04906083763307478,37.3656464722461
2022-07-29,319304.7,0.04903677977816656,37.433006161797564
2022-08-01,319461.3,0.049044063554326556,37.50040889268418
2022-08-02,319617.9,0.04902002214353107,37.56781162357083
2022-08-03,319774.6,0.049027291650416416,37.63525739579261
2022-08-04,319931.4,0.04903453870321872,37.702746209349634
2022-08-05,320093.9,0.05079213856471476,37.77268837901169
2022-08-08,320256.5,0.05079759408097573,37.8426735900089
2022-08-09,320419.1,0.05077180322647923,37.91265880100614
2022-08-10,320581.9,0.05080845679925616,37.98273009467374
2022-08-11,320744.7,0.050782654915937364,38.05280138834133
2022-08-12,320907.6,0.050788056669359705,38.12291572334408
2022-08-15,321070.6,0.050793437113982876,38.19307309968201
2022-08-16,321233.6,0.050767650479355275,38.26323047601994
2022-08-17,321396.8,0.05080415000173755,38.33347393502824
2022-08-18,321560.0,0.0507783524913874,38.40371739403654
2022-08-19,321723.3,0.05078367956212748,38.474003894380004
2022-08-22,321886.7,0.05078898544184085,38.54433343605868
2022-08-23,322050.2,0.050794270157794585,38.614706019072486
2022-08-24,322213.8,0.05079953373727797,38.68512164342148
2022-08-25,322377.4,0.050773740913645504,38.7555372677705
2022-08-26,322541.2,0.05081001335700552,38.826038974789846
2022-08-29,322705.0,0.05078420989317323,38.896540681809185
2022-08-30,322868.9,0.05078942067833214,38.96708543016374
2022-08-31,323032.8,0.05076363812059892,39.03763017851824
2022-09-01,323196.9,0.05079979494342357,39.10826100954314
2022-09-02,323361.1,0.050804942745408255,39.17893488190318
2022-09-05,323525.3,0.05077914443016862,39.24960875426324
2022-09-06,323689.6,0.05078428178568739,39.320325667958464
2022-09-08,323854.0,0.05078939823832673,39.391085622988896
2022-09-09,324018.5,0.050794493815109476,39.46188861935449
2022-09-12,324183.0,0.0507687061078288,39.53269161572008
2022-09-13,324347.7,0.050804638121060286,39.603580694756026
2022-09-14,324512.4,0.05077884011510658,39.67446977379196
2022-09-15,324677.2,0.050783883759142334,39.74540189416309
2022-09-16,324842.1,0.05078890664327318,39.81637705586938
2022-09-19,325007.1,0.050793908794455334,39.88739525891085
2022-09-20,325172.2,0.05079889023964501,39.95845650328751
2022-09-21,325337.3,0.050773098069267775,40.029517747664144
2022-09-22,325502.5,0.05077806940674279,40.100622033375984
2022-09-23,325667.8,0.05078302009968727,40.17176936042297
2022-09-26,325833.3,0.05081865631173521,40.24300277014032
2022-09-27,325998.8,0.05079284407087936,40.3142361798577
2022-09-28,326164.3,0.050767058038259094,40.38546958957505
2022-09-29,326330.0,0.05080261696328581,40.456789081962754
2022-09-30,326495.7,0.05077682100940173,40.528108574350476
2022-10-03,326661.5,0.050781679513689504,40.59947110807336
2022-10-04,326827.4,0.05078651754186758,40.67087668313143
2022-10-05,326993.4,0.050791335120625725,40.742325299524666
2022-10-06,327159.5,0.0507961322766759,40.81381695725308
2022-10-07,327325.6,0.0507703429061257,40.885308614981476
2022-10-10,327491.9,0.05080568094888438,40.95688635538026
2022-10-11,327658.2,0.05077988188408877,41.02846409577903
2022-10-13,327824.6,0.050784628616029615,41.100084877512955
2022-10-14,327991.1,0.05078935503926019,41.171748700582086
2022-10-17,328157.7,0.050794061180337025,41.243455564986405
2022-10-18,328324.4,0.05079874706581666,41.31520547072589
2022-10-19,328491.1,0.050772955040789824,41.38695537646533
2022-10-20,328657.9,0.050777631418341684,41.45874832354002
2022-10-21,328824.9,0.0508127143756365,41.53062735328501
2022-10-24,328991.9,0.05078690816906484,41.602506383030025
2022-10-25,329159.0,0.050791524046633896,41.6744284541102
2022-10-26,329326.1,0.05076573935391959,41.74635052519038
2022-10-27,329493.4,0.05080071090630689,41.818358678940925
2022-10-28,329660.7,0.05077491688756375,41.89036683269145
2022-10-31,329828.2,0.050809817488106646,41.962461069112344
2022-11-01,329995.7,0.0507840142231597,42.03455530553324
2022-11-03,330163.3,0.05078854057793958,42.106692583289295
2022-11-04,330331.0,0.05079304695585485,42.17887290238054
2022-11-07,330498.7,0.05076726071728821,42.25105322147178
2022-11-08,330666.6,0.05080201525753392,42.32331962323337
2022-11-09,330834.5,0.05077621991456116,42.395586024994984
2022-11-10,331002.5,0.05078067734773928,42.467895468091754
2022-11-11,331170.7,0.050815326168240915,42.540290993858875
2022-11-14,331338.8,0.05075932140130579,42.61264347829081
2022-11-16,331507.1,0.05079393056290904,42.685082045393116
2022-11-17,331675.5,0.05079830869385571,42.75756365383061
2022-11-18,331843.9,0.05077251711387287,42.83004526226808
2022-11-21,332012.5,0.050807021011989306,42.90261295337592
2022-11-22,332181.1,0.050781220586570974,42.975180644483736
2022-11-23,332349.8,0.05078555041211352,43.04779137692676
2022-11-24,332518.6,0.05078986056257229,43.120445150704924
2022-11-25,332687.5,0.05079415106403751,43.19314196581829
2022-11-28,332856.4,0.05076836370467852,43.26583878093167
2022-11-29,333025.5,0.05080268848667302,43.338621678715384
2022-11-30,333194.6,0.050776892460180356,43.41140457649908
2022-12-01,333363.9,0.05081114759963867,43.48427355695317
2022-12-02,333533.2,0.050785342984038806,43.55714253740723
2022-12-05,333702.6,0.05078954658785939,43.630054559196466
2022-12-06,333872.1,0.050793730705134266,43.7030096223209
2022-12-07,334041.6,0.0507679437724784,43.77596468544531
2022-12-08,334211.3,0.050802055791865364,43.84900583124009
2022-12-09,334381.0,0.05077626040772554,43.92204697703488
2022-12-12,334550.8,0.05078039721155836,43.995131164164825
2022-12-13,334720.8,0.05081440546548244,44.06830143396512
2022-12-14,334890.8,0.05078859754159559,44.14147170376543
2022-12-15,335060.8,0.05076281581937181,44.214641973565726
2022-12-16,335231.0,0.05079675091803626,44.28789832603639
2022-12-19,335401.3,0.05080079109629487,44.36119771984224
2022-12-20,335571.6,0.050774996996127975,44.434497113648064
2022-12-21,335742.0,0.05077902897623332,44.50783954878907
2022-12-22,335912.6,0.050812826515600484,44.58126806660043
2022-12-23,336083.2,0.05078702019514214,44.65469658441181
2022-12-26,336253.8,0.05076124007388216,44.728125102223174
2022-12-27,336424.6,0.050794964993694514,44.801639702704875
2022-12-28,336595.5,0.05079890115051722,44.87519734452179
2022-12-29,336766.4,0.05077310896908216,44.9487549863387
2023-01-02,337108.6,0.10161346262571591,45.09604243531318
2023-01-03,337279.8,0.05078482127125472,45.1697292011356
2023-01-04,337451.1,0.050788692355729914,45.24345900829321
2023-01-05,337622.5,0.05079254446052062,45.317231856786
2023-01-06,337794.0,0.050796377611095345,45.39104774661396
2023-01-09,337965.5,0.050770587991499916,45.46486363644191
2023-01-10,338137.2,0.05080400218366865,45.53876560894021
2023-01-11,338308.9,0.05077820482337625,45.61266758143854
2023-01-12,338480.7,0.050781992433535095,45.686612595272
2023-01-13,338652.6,0.05078576119701417,45.76060065044065
2023-01-16,338824.6,0.05078951113914876,45.83463174694449
2023-01-17,338996.7,0.05079324228525195,45.90870588478353
2023-01-18,339168.9,0.050796954660614624,45.98282306395771
2023-01-19,339341.1,0.05077116445522112,46.05694024313189
2023-01-20,339513.5,0.05080433817183927,46.13114350497645
2023-01-23,339685.9,0.05077854047041974,46.205346766820995
2023-01-24,339858.4,0.05078220791618904,46.279593070000715
2023-01-25,340031.0,0.05078585669795466,46.35388241451561
2023-01-26,340203.7,0.05078948684091866,46.428214800365694
2023-01-27,340376.5,0.050793098370172096,46.50259022755095
2023-01-30,340549.4,0.05079669131096143,46.577008696071374
2023-01-31,340722.3,0.05077090137288742,46.65142716459179
2023-02-01,340895.4,0.050803836438073624,46.725931715782586
2023-02-02,341068.5,0.050778039246046625,46.800436266973364
2023-02-03,341241.8,0.05081090748633166,46.87502690083449
2023-02-06,341415.1,0.05078510311455897,46.94961753469562
2023-02-07,341588.4,0.05075932493907587,47.02420816855677
2023-02-08,341761.9,0.05079212291752011,47.09888488508827
2023-02-09,341935.5,0.0507955977538721,47.17360464295493
2023-02-10,342109.2,0.05079905420759534,47.24836744215677
2023-02-13,342282.9,0.05077326187077347,47.32313024135861
2023-02-14,342456.8,0.05080592691015795,47.39797912323078
2023-02-15,342630.7,0.050780127595673186,47.472828005103
2023-02-16,342804.7,0.05078354041245792,47.54771992831037
2023-02-17,342978.8,0.05078693495157438,47.622654892852914
2023-02-22,343153.0,0.05079031123789157,47.69763289873063
2023-02-23,343327.3,0.05079366929618967,47.772653945943524
2023-02-24,343501.7,0.05079700915133767,47.84771803449161
2023-02-27,343676.1,0.05077121889061065,47.92278212303969
2023-02-28,343850.7,0.05080364913359059,47.99793229425813
2023-03-01,344025.3,0.050777852131744794,48.073082465476546
2023-03-02,344200.0,0.050781148944567533,48.14827567803015
2023-03-03,344374.8,0.050784427658334685,48.223511931918935
2023-03-06,344549.7,0.050787688297759814,48.298791227142914
2023-03-07,344724.7,0.05079093088746767,48.374113563702046
2023-03-08,344899.8,0.0507941554521496,48.44947894159635
2023-03-09,345075.0,0.050797362016452574,48.52488736082585
2023-03-10,345250.2,0.050771571397523196,48.60029578005533
2023-03-13,345425.6,0.05080373595727217,48.675790281955166
2023-03-14,345601.0,0.05077793886729687,48.75128478385502
2023-03-15,345776.5,0.05078110306393491,48.826822327090056
2023-03-16,345952.1,0.05078424936337811,48.90240291166024
2023-03-17,346127.8,0.0507873777901624,48.978026537565626
2023-03-20,346303.6,0.0507904883687349,49.05369320480617
2023-03-21,346479.5,0.050793581123631526,49.1294029133819
2023-03-22,346655.5,0.05079665607921058,49.2051556632928
2023-03-23,346831.5,0.05077086617693016,49.28090841320372
2023-03-24,347007.7,0.0508027673380429,49.35674724578498
2023-03-27,347183.9,0.05077697123148095,49.43258607836625
2023-03-28,347360.3,0.05080880766648033,49.50851099361784
2023-03-29,347536.7,0.05078300542693537,49.58443590886945
2023-03-30,347713.2,0.05078600331993588,49.660403865456246
2023-03-31,347889.8,0.05078898356460915,49.73641486337819
2023-04-03,348066.5,0.050791946185269055,49.81246890263533
2023-04-04,348243.3,0.05079489120614067,49.888565983227664
2023-04-05,348420.1,0.05076910309544935,49.96466306381997
2023-04-06,348597.1,0.05080074312588945,50.040846227082646
2023-04-10,348774.1,0.050774949074439135,50.1170293903453
2023-04-11,348951.3,0.05080652491111781,50.19329863627835
2023-04-12,349128.5,0.05078072498942987,50.269567882211376
2023-04-13,349305.8,0.050783594006209576,50.345880169479564
2023-04-14,349483.2,0.05078644557290346,50.422235498082955
2023-04-17,349660.7,0.05078927971358116,50.498633868021514
2023-04-18,349838.3,0.050792096452356716,50.575075279295234
2023-04-19,350015.9,0.0507663111786405,50.651516690568975
2023-04-20,350193.7,0.05079769233340414,50.728044184513045
2023-04-24,350371.6,0.050800457004207544,50.8046147197923
2023-04-25,350549.5,0.05077466324325819,50.88118525507157
2023-04-26,350727.6,0.05080594894586454,50.95784187302117
2023-04-27,350905.7,0.05078014960899768,51.03449849097079
2023-04-28,351083.9,0.050782874145394175,51.111198150255596
2023-05-02,351262.2,0.050785581452172934,51.18794085087557
2023-05-03,351440.6,0.05078827155327037,51.26472659283068
2023-05-04,351619.1,0.050790944472556276,51.341555376121015
2023-05-05,351797.7,0.05079360023390045,51.41842720074652
2023-05-08,351976.3,0.05076781343367198,51.495299025372
2023-05-09,352155.1,0.050798874810609185,51.57225693266785
2023-05-10,352334.0,0.050801479234574565,51.64925788129888
2023-05-11,352512.9,0.050775684435788726,51.72625882992994
2023-05-12,352691.9,0.050778283574870464,51.80330281989613
2023-05-15,352871.1,0.05080921903790614,51.88043289253268
2023-05-16,353050.3,0.05078341638065087,51.957562965169224
2023-05-17,353229.6,0.050785964492883195,52.034736079140956
2023-05-18,353409.0,0.050788495641374,52.11195223444789
2023-05-19,353588.5,0.05079100984977103,52.189211431089966
2023-05-22,353768.1,0.05079350714176645,52.26651366906723
2023-05-23,353947.7,0.050767720436084574,52.34381590704451
2023-05-24,354127.5,0.050798465422996486,52.42120422769212
2023-05-25,354307.3,0.05077267368391869,52.49859254833973
2023-05-26,354487.3,0.05080335629550348,52.57606695165771
2023-05-29,354667.3,0.05077755959099761,52.653541354975665
2023-05-30,354847.5,0.05080817994780329,52.73110184096399
2023-05-31,355027.7,0.05078237834563737,52.808662326952316
2023-06-01,355208.0,0.05078476975175494,52.88626585427583
2023-06-02,355388.4,0.05078714443369492,52.9639124229345
2023-06-05,355568.9,0.05078950241481639,53.04160203292836
2023-06-06,355749.5,0.05079184371861167,53.11933468425738
2023-06-07,355930.2,0.05079416836848427,53.197110376921586
2023-06-09,356110.9,0.05076838099156156,53.27488606958581
2023-06-12,356291.8,0.050798782064798154,53.352747844920344
2023-06-13,356472.8,0.05080105688652914,53.43065266159008
2023-06-14,356653.8,0.05077526251653364,53.508557478259824
2023-06-15,356834.9,0.05077753272222374,53.58650533626474
2023-06-16,357016.2,0.05080781055888384,53.66453927694002
2023-06-19,357197.5,0.05078200933179566,53.74257321761529
2023-06-20,357378.9,0.050784230012812515,53.82065019962574
2023-06-21,357560.4,0.050786434229888044,53.89877022297136
2023-06-22,357742.0,0.050788622006225914,53.97693328765214
2023-06-23,357923.7,0.05079079336505199,54.05513939366811
2023-06-26,358105.5,0.050792948329481113,54.13338854101926
2023-06-27,358287.3,0.05076716219103439,54.21163768837041
2023-06-28,358469.3,0.0507972233456222,54.2899729183919
2023-06-29,358651.4,0.05079932925917685,54.36835118974861
2023-06-30,358833.5,0.05077353664308948,54.44672946110527
2023-07-03,359015.8,0.05080350636157416,54.5251938151323
2023-07-04,359198.1,0.050777709504701285,54.60365816915933
2023-07-05,359380.5,0.050779778623555316,54.68216556452155
2023-07-06,359563.1,0.0508096571739447,54.760759042554106
2023-07-07,359745.7,0.05078385407180086,54.839352520586694
2023-07-10,359928.4,0.05078587457751915,54.91798903995442
2023-07-11,360111.2,0.05078787892258685,54.99666860065735
2023-07-12,360294.1,0.05078986712991895,55.07539120269542
2023-07-13,360477.1,0.05079183922245267,55.15415684606868
2023-07-14,360660.1,0.0507660542098165,55.23292248944196
2023-07-17,360843.3,0.050795749238696786,55.311774215485585
2023-07-18,361026.6,0.050797673117375375,55.390668982864376
2023-07-19,361209.9,0.05077188218265416,55.46956375024321
2023-07-20,361393.4,0.05080148689169395,55.548544600292345
2023-07-21,361576.9,0.05077569208513655,55.62752545034151
2023-07-24,361760.6,0.050805236728335146,55.70659238306099
2023-07-25,361944.3,0.05077943811460095,55.7856593157805
2023-07-26,362128.1,0.05078129424886946,55.864769289835195
2023-07-27,362312.0,0.05078313447646199,55.943922305225044
2023-07-28,362496.1,0.05081255934111795,56.02316140328525
2023-07-31,362680.2,0.050786753291975906,56.10240050134549
2023-08-01,362864.3,0.050760973441610346,56.1816395994057
2023-08-02,363048.6,0.05079033677326539,56.26096478013625
2023-08-03,363233.0,0.0507920978072951,56.340333002202
2023-08-04,363411.2,0.04905941916071299,56.417032661486786
2023-08-07,363589.3,0.0490078456580223,56.49368927943641
2023-08-08,363767.7,0.04906635041241891,56.570475021391566
2023-08-09,363946.0,0.04901479708065981,56.64721772201151
2023-08-10,364124.5,0.04904573755446506,56.72404650530185
2023-08-11,364303.1,0.04904915763701556,56.80091832992733
2023-08-14,364481.7,0.04902511123292541,56.877790154552834
2023-08-15,364660.4,0.04902852461454721,56.954705020513515
2023-08-16,364839.3,0.04905934398140577,57.03170596914453
2023-08-17,365018.2,0.04903528759101494,57.108706917775564
2023-08-18,365197.2,0.04903865067549251,57.18575090774176
2023-08-21,365376.3,0.04904199703612555,57.262837939043145
2023-08-22,365555.4,0.04901795765079875,57.33992497034455
2023-08-23,365734.7,0.049048653090610905,57.41709808431628
2023-08-24,365914.0,0.04902460718110291,57.494271198288004
2023-08-25,366093.5,0.04905524248868254,57.57153039493008
2023-08-28,366273.0,0.0490311901194751,57.64878959157218
2023-08-29,366452.6,0.049034463364749925,57.72609182954942
2023-08-30,366632.3,0.04903772002162743,57.803437108861864
2023-08-31,366812.1,0.04904096011180137,57.88082542950947
2023-09-01,366991.9,0.04901692174277272,57.95821375015713
2023-09-04,367171.9,0.049047404043522924,58.035688153475085
2023-09-05,367352.0,0.049050594558019966,58.113205598128225
2023-09-06,367532.1,0.049026546745345456,58.190723042781364
2023-09-08,367712.3,0.04902973100853192,58.26828352876969
2023-09-11,367892.7,0.04906009399197053,58.345930097428386
2023-09-12,368073.1,0.049036036866167976,58.423576666087044
2023-09-13,368253.6,0.04903917183842754,58.5012662760809
2023-09-14,368434.1,0.04901513522204137,58.57895588607476
2023-09-15,368614.8,0.04904540594912188,58.65673157873896
2023-09-18,368795.6,0.049048491813130646,58.734550312738335
2023-09-19,368976.4,0.04902444606174061,58.81236904673774
2023-09-20,369157.3,0.04902752587969683,58.8902308220723
2023-09-21,369338.4,0.04905767812257711,58.96817868007722
2023-09-22,369513.0,0.04727371971069427,59.04332885129564
2023-09-25,369687.7,0.047278444872045355,59.11852206384924
2023-09-26,369862.5,0.04728315278004214,59.19375831773803
2023-09-27,370037.3,0.04726080638075558,59.26899457162682
2023-09-28,370212.3,0.047292529699038965,59.34431690818596
2023-09-29,370387.3,0.04727017443775239,59.41963924474509
2023-10-02,370562.4,0.04727483906712404,59.495004622639414
2023-10-03,370737.7,0.04730647254012066,59.57045608320408
2023-10-04,370912.9,0.04725713085018679,59.64586450243357
2023-10-05,371088.3,0.04728873004955503,59.721359004333394
2023-10-06,371263.8,0.04729332614366033,59.79689654756844
2023-10-09,371439.3,0.04727097012959813,59.87243409080345
2023-10-10,371614.9,0.047275557540626956,59.94801467537365
2023-10-11,371790.6,0.04728012789583236,60.023638301279014
2023-10-13,371966.4,0.04728468121573126,60.09930496851958
2023-10-16,372142.2,0.04726233337204455,60.17497163576013
2023-10-17,372318.2,0.047293749539822905,60.25072438567103
2023-10-18,372494.2,0.04727139312554751,60.326477135581946
2023-10-19,372670.3,0.047275903893262416,60.402272926828005
2023-10-20,372846.5,0.04728039771346726,60.47811175940927
2023-10-23,373022.8,0.04728487460656794,60.553993633325696
2023-10-24,373199.2,0.04728933459294815,60.629918548577336
2023-10-25,373375.6,0.04726698235151261,60.70584346382893
2023-10-26,373552.1,0.04727143391265454,60.7818114204157
2023-10-27,373728.8,0.04730263864130002,60.857865459672844
2023-10-30,373905.4,0.04725351645364917,60.93387645759483
2023-10-31,374082.2,0.04728468751722392,61.009973538187154
2023-11-01,374259.1,0.04728907176014818,61.08611366011463
2023-11-03,374436.0,0.047266719767136145,61.16225378204212
2023-11-06,374606.4,0.045508444700836925,61.23559621718315
2023-11-07,374776.9,0.04551443862144122,61.30898169365935
2023-11-08,374947.5,0.04552041494552128,61.382410211470706
2023-11-09,375118.2,0.04552637369232837,61.455881770617246
2023-11-10,375288.9,0.045505656617028656,61.529353329763794
2023-11-13,375459.7,0.045511604526526916,61.602867930245495
2023-11-14,375630.6,0.045517534904537804,61.676425572062385
2023-11-16,375801.5,0.04549682587096093,61.749983213879275
2023-11-17,375972.6,0.045529355258011606,61.82362693836654
2023-11-20,376143.7,0.0455086354697265,61.8972706628538
2023-11-21,376314.9,0.04551452011558599,61.97095742867622
2023-11-22,376486.2,0.04552038731391317,62.04468723583383
2023-11-23,376657.5,0.045499675685323204,62.11841704299141
2023-11-24,376828.9,0.045505532214296096,62.192189891484205
2023-11-27,377000.4,0.045511371341211415,62.26600578131216
2023-11-28,377172.0,0.045517193085209406,62.339864712475276
2023-11-29,377343.7,0.0455229974653415,62.4137666849736
2023-11-30,377515.4,0.04550228346200669,62.48766865747191
2023-12-01,377687.3,0.04553456627198749,62.561656712640556
2023-12-04,377859.2,0.04551384174158457,62.635644767809225
2023-12-05,378031.1,0.045493136067609186,62.70963282297788
2023-12-06,378203.2,0.045525354924502714,62.7837069608169
2023-12-07,378375.3,0.04550463877619482,62.85778109865592
2023-12-08,378547.5,0.04551037025937177,62.9318982778301
2023-12-11,378719.8,0.04551608450722444,63.00605849833947
2023-12-12,378892.2,0.04552178153875985,63.08026176018402
2023-12-13,379064.6,0.04550106864167347,63.154465022028546
2023-12-14,379237.2,0.045533136040676325,63.22875436654347
2023-12-15,379403.0,0.043719339769410226,63.30011690026636
2023-12-18,379569.0,0.04375294871152846,63.37156551665959
2023-12-19,379735.0,0.04373381387836606,63.44301413305282
2023-12-20,379901.1,0.043741029928767716,63.51450579078124
2023-12-21,380067.3,0.043748228157269864,63.58604048984482
2023-12-22,380233.5,0.043729097451961074,63.657575188908424
2023-12-26,380399.8,0.04373628309972677,63.72915292930719
2023-12-27,380566.2,0.04374345096922472,63.80077371104116
2023-12-28,380732.7,0.04375060107808526,63.87243753411027
2024-01-02,381065.8,0.0874892017417972,64.01580822158368
2024-01-03,381232.5,0.04374572580378988,64.08755812732316
2024-01-04,381399.2,0.043726597286442015,64.15930803306264
2024-01-05,381566.0,0.043733704737713985,64.23110098013728
2024-01-08,381732.9,0.043740794515234604,64.30293696854714
2024-01-09,381899.9,0.043747866636589805,64.37481599829214
2024-01-10,382066.9,0.043728736247383715,64.44669502803715
2024-01-11,382234.0,0.043735796008492756,64.51861709911732
2024-01-12,382401.2,0.043742838156735075,64.59058221153269
2024-01-15,382568.5,0.043749862709629994,64.66259036528321
2024-01-16,382735.8,0.04373073057504229,64.73459851903374
2024-01-17,382903.2,0.04373774285029164,64.80664971411947
2024-01-18,383070.7,0.04374473757335906,64.87874395054037
2024-01-19,383238.3,0.043751714761786076,64.95088122829642
2024-01-22,383405.9,0.04373258100769384,65.0230185060525
2024-01-23,383573.6,0.04373954600072061,65.09519882514371
2024-01-24,383741.3,0.04372042288625089,65.16737914423496
2024-01-25,383909.2,0.043753434931304014,65.23964554599657
2024-01-26,384077.1,0.04373429967292619,65.31191194775813
2024-01-29,384245.1,0.04374121758365934,65.38422139085492
2024-01-30,384413.2,0.04374811806320267,65.45657387528689
2024-01-31,384581.3,0.04372898745412801,65.52892635971884
2024-02-01,384749.5,0.04373587587331862,65.60132188548596
2024-02-02,384911.0,0.04197536319086037,65.67083364179625
2024-02-05,385072.5,0.041957751272381216,65.74034539810654
2024-02-06,385234.0,0.041940154126818285,65.80985715441683
2024-02-07,385395.7,0.04197448823313188,65.87945499339747
2024-02-08,385557.4,0.041956877048709984,65.94905283237813
2024-02-09,385719.1,0.041939280636271725,66.01865067135874
2024-02-14,385881.0,0.04197355018198401,66.08833459300976
2024-02-15,386042.9,0.04195593978455481,66.15801851466077
2024-02-16,386204.8,0.04193834415811004,66.22770243631173
2024-02-19,386366.9,0.041972549279556404,66.29747244063311
2024-02-20,386529.0,0.041954939721788875,66.36724244495444
2024-02-21,386691.2,0.041963216214058185,66.43705549061099
2024-02-22,386853.4,0.04194561448516154,66.5068685362675
2024-02-23,387015.8,0.04197972668715799,66.57676766459437
2024-02-26,387178.1,0.04193627236923625,66.64662375158608
2024-02-27,387340.6,0.04197034904609431,66.71656592124813
2024-02-28,387503.1,0.04195274133411697,66.78650809091017
2024-02-29,387665.7,0.041960954634956416,66.85649330190743
2024-03-01,387828.3,0.041943354802853605,66.92647851290465
2024-03-04,387991.1,0.04197733894095723,66.99654980657223
2024-03-05,388153.8,0.04193395157776614,67.06657805890465
2024-03-06,388316.7,0.04196790035291276,67.13669239390742
2024-03-07,388479.6,0.04195029469502565,67.20680672891018
2024-03-08,388642.6,0.04195844517962399,67.27696410524811
2024-03-11,388805.7,0.04196657803339221,67.34716452292125
2024-03-12,388968.8,0.041948973484684515,67.41736494059435
2024-03-13,389132.0,0.04195709270256032,67.48760839960266
2024-03-14,389295.3,0.041965194329951494,67.55789489994612
2024-03-15,389458.6,0.041947590941893154,67.62818140028959
2024-03-18,389622.0,0.04195567898617192,67.69851094196824
2024-03-19,389785.5,0.041963749480267154,67.76888352498207
2024-03-20,389949.1,0.04197180244005505,67.83929914933104
2024-03-21,390112.7,0.04195419350885299,67.90971477368007
2024-03-22,390269.4,0.04016787969221003,67.97716054590188
2024-03-25,390426.1,0.04015175158491591,68.04460631812368
2024-03-26,390582.9,0.04016124946566446,68.11209513168069
2024-03-27,390739.8,0.040170729440536235,68.17962698657283
2024-03-28,390896.8,0.04018019152387531,68.24720188280018
2024-04-01,391053.8,0.04016405353024499,68.31477677902751
2024-04-02,391210.9,0.04017350042373469,68.38239471659004
2024-04-03,391368.0,0.040157367803406174,68.45001265415256
2024-04-04,391525.2,0.04016679953393609,68.51767363305026
2024-04-05,391682.5,0.04017621343401778,68.58537765328312
2024-04-08,391839.8,0.04016007863512083,68.65308167351598
2024-04-09,391997.2,0.04016947742420118,68.72082873508405
2024-04-10,392154.7,0.040178858420425456,68.78861883798726
2024-04-11,392312.2,0.04016272149740541,68.85640894089049
2024-04-12,392469.8,0.04017208743443135,68.92424208512888
2024-04-15,392627.4,0.04015595594872856,68.9920752293673
2024-04-16,392785.1,0.04016530685324593,69.05995141494085
2024-04-17,392942.9,0.04017464002581406,69.12787064184963
2024-04-18,393100.7,0.040158506490373114,69.19578986875838
2024-04-19,393258.6,0.04016782468205804,69.26375213700229
2024-04-22,393416.6,0.04017712517920824,69.3317574465814
2024-04-23,393574.6,0.040160989648119205,69.39976275616051
2024-04-24,393732.7,0.04017027521594496,69.46781110707481
2024-04-25,393890.9,0.0401795431266061,69.53590249932427
2024-04-26,394049.1,0.040163405653692585,69.60399389157371
2024-04-29,394207.3,0.04014728113832522,69.67208528382318
2024-04-30,394365.7,0.04018190429249113,69.74026275874301
2024-05-02,394524.1,0.04016576492325008,69.8084402336628
2024-05-03,394682.6,0.04017498550785703,69.87666074991779
2024-05-06,394841.1,0.04015885169501576,69.94488126617277
2024-05-07,394999.7,0.04016805747932839,70.01314482376296
2024-05-08,395158.4,0.04017724570424264,70.08145142268832
2024-05-09,395317.1,0.040161110076342155,70.14975802161362
2024-05-10,395472.3,0.039259622212139966,70.21655817380781
2024-05-13,395627.6,0.03926950130261897,70.28340136733713
2024-05-14,395783.0,0.039279362713839916,70.35028760220166
2024-05-15,395938.4,0.03926394008839651,70.41717383706619
2024-05-16,396093.9,0.03927378602328613,70.48410311326587
2024-05-17,396249.4,0.0392583677759184,70.55103238946556
2024-05-20,396405.1,0.03929343489226245,70.6180477483356
2024-05-21,396560.7,0.03925277449761122,70.68502006587048
2024-05-22,396716.4,0.039262589560684624,70.75203542474051
2024-05-23,396872.2,0.03927238702507996,70.81909382494574
2024-05-24,397028.1,0.03928216690409769,70.88619526648611
2024-05-27,397184.0,0.0392667420769488,70.95329670802653
2024-05-28,397340.0,0.039276506606511496,71.02044119090209
2024-05-29,397496.0,0.03926108622338553,71.08758567377768
2024-05-31,397652.1,0.03927083542978327,71.15477319798842
2024-06-03,397808.3,0.03928056710877925,71.22200376353436
2024-06-04,397964.5,0.03926514353773669,71.28923432908027
2024-06-05,398120.8,0.03927485994352775,71.35650793596137
2024-06-06,398277.1,0.03925944085312327,71.42378154284248
2024-06-07,398433.5,0.03926914201193288,71.49109819105877
2024-06-10,398590.0,0.039278825701161146,71.55845788061023
2024-06-11,398746.5,0.039263403497336036,71.62581757016169
2024-06-12,398903.1,0.039273071989343045,71.69322030104833
2024-06-13,399059.7,0.03925765430252692,71.76062303193495
2024-06-14,399216.4,0.039267307623402914,71.82806880415677
2024-06-17,399373.2,0.039276943532384756,71.89555761771376
2024-06-18,399530.0,0.03926152280624429,71.96304643127074
2024-06-19,399686.9,0.03927114359372208,72.03057828616292
2024-06-20,399843.9,0.03928074700472184,72.09815318239026
2024-06-21,400000.9,0.0392653232924145,72.1657280786176
2024-06-24,400158.0,0.03927491163144836,72.23334601618009
2024-06-25,400315.1,0.03925949250045413,72.30096395374261
2024-06-26,400472.3,0.0392690657934347,72.36862493264032
2024-06-27,400629.6,0.039278621767335764,72.43632895287317
2024-06-28,400786.9,0.03926319972364922,72.50403297310608
2024-07-01,400944.3,0.03927274070085751,72.5717800346741
2024-07-02,401101.8,0.0392822643943358,72.63957013757734
2024-07-03,401259.3,0.03926683949062593,72.70736024048054
2024-07-04,401416.8,0.03925142669589654,72.77515034338377
2024-07-05,401574.5,0.039285849520998006,72.84302652895735
2024-07-08,401732.2,0.03927042180218443,72.91090271453093
2024-07-09,401889.9,0.03925500619568201,72.97877890010452
2024-07-10,402047.7,0.039264485123902126,73.04669812701327
2024-07-11,402205.6,0.03927394684759555,73.11466039525718
2024-07-12,402363.6,0.03928339137992953,73.1826657048363
2024-07-15,402521.6,0.0392679655913275,73.2506710144154
2024-07-16,402679.6,0.03925255191274957,73.31867632399451
2024-07-17,402837.8,0.03928681760885233,73.38676771624397
2024-07-18,402996.0,0.03927138912982464,73.45485910849344
2024-07-19,403154.2,0.03925597276399628,73.52295050074291
2024-07-22,403312.5,0.039265372901975404,73.59108493432754
2024-07-23,403470.9,0.039274755927487526,73.65926240924736
2024-07-24,403629.3,0.039259336918706644,73.72743988416717
2024-07-25,403787.9,0.03929348042870373,73.79570344175734
2024-07-26,403946.4,0.039253281239970406,73.86392395801234
2024-07-29,404105.1,0.039287390604281214,73.93223055693765
2024-07-30,404263.8,0.03927196167532454,74.00053715586301
2024-07-31,404422.5,0.0392565448600779,74.06884375478835
2024-08-01,404581.3,0.03926586676061827,74.13719339504887
2024-08-02,404740.2,0.03927517164041827,74.20558607664458
2024-08-05,404899.1,0.039259752305298434,74.27397875824026
2024-08-06,405058.1,0.03926904258368946,74.34241448117113
2024-08-07,405217.2,0.039278315876178915,74.4108932454372
2024-08-08,405376.3,0.03926289407261141,74.47937200970325
2024-08-09,405535.5,0.039272152812097616,74.54789381530446
2024-08-12,405694.8,0.03928139460047664,74.61645866224087
2024-08-13,405854.1,0.03926597037970936,74.68502350917727
2024-08-14,406013.4,0.0392505582671232,74.7535883561137
2024-08-15,406172.9,0.039284417706419994,74.82223928572044
2024-08-16,406332.4,0.03926899111190707,74.8908902153272
2024-08-19,406492.0,0.03927818702125219,74.95958418626914
2024-08-20,406651.6,0.03926276531887041,75.02827815721105
2024-08-21,406811.3,0.039271946796715085,75.09701516948817
2024-08-22,406971.0,0.03925652999314799,75.16575218176528
2024-08-23,407130.8,0.039265697064405636,75.23453223537757
2024-08-26,407290.7,0.03927484729724373,75.30335533032503
2024-08-27,407450.7,0.0392839807046963,75.3722214666077
2024-08-28,407610.7,0.039268554453331106,75.44108760289032
2024-08-29,407770.8,0.03927767352525091,75.50999678050813
2024-08-30,407930.9,0.03926225222601332,75.57890595812597
2024-09-02,408091.1,0.039271356987158335,75.64785817707893
2024-09-03,408251.3,0.03925594064659865,75.71681039603193
2024-09-04,408411.6,0.03926503112174906,75.7858056563201
2024-09-05,408572.0,0.039274104849140734,75.85484395794346
2024-09-06,408732.5,0.03928316184174108,75.92392530090197
2024-09-09,408893.0,0.03926773623335045,75.99300664386051
2024-09-10,409053.5,0.03925232273480628,76.06208798681904
2024-09-11,409214.2,0.03928581469172521,76.13125541244791
2024-09-12,409374.9,0.039270387000267526,76.2004228380768
2024-09-13,409535.6,0.039254971421054385,76.26959026370565
2024-09-16,409696.4,0.039263985841531124,76.33880073066972
2024-09-17,409857.3,0.039272983604443645,76.40805423896894
2024-09-18,410018.3,0.03928196472284817,76.47735078860333
2024-09-19,410179.3,0.03926654005443897,76.54664733823775
2024-09-20,410344.1,0.040177551621933816,76.61757945860887
2024-09-23,410508.9,0.04016141574840759,76.68851157898
2024-09-24,410673.8,0.04016965283821783,76.75948674068628
2024-09-25,410838.7,0.040153523307306926,76.8304619023926
2024-09-26,411003.8,0.04018608763001197,76.90152314676924
2024-09-27,411168.8,0.040145614225473025,76.97254134981071
2024-09-30,411334.0,0.04017814581263046,77.04364563552252
2024-10-01,411499.2,0.04016200946190818,77.11474992123438
2024-10-02,411664.5,0.04017018745114953,77.18589724828138
2024-10-03,411829.9,0.04017834911682616,77.25708761666357
2024-10-04,411995.3,0.040162212602812275,77.32827798504572
2024-10-07,412160.8,0.04017036116674699,77.39951139476308
2024-10-08,412326.3,0.04015423106709104,77.47074480448045
2024-10-09,412492.0,0.040186619189697126,77.54206429686815
2024-10-10,412657.7,0.040170476033485336,77.61338378925586
2024-10-11,412823.4,0.04015434584161426,77.68470328164358
2024-10-14,412989.2,0.04016245203153357,77.75606581536645
2024-10-15,413155.1,0.04017054198994785,77.82747139042449
2024-10-16,413321.1,0.040178615730512846,77.89892000681775
2024-10-17,413487.1,0.04016247900240355,77.97036862321099
2024-10-18,413653.2,0.040170539782269366,78.04186028093942
2024-10-21,413819.3,0.0401544095391948,78.11335193866782
2024-10-22,413985.6,0.04018662251856764,78.18492967906658
2024-10-23,414151.8,0.040146323930101424,78.25646437813019
2024-10-24,414318.2,0.04017850459663297,78.32808515986413
2024-10-25,414484.6,0.0401623679577634,78.39970594159806
2024-10-28,414651.1,0.04017037062413742,78.4713697646672
2024-10-29,414817.7,0.04017835717788909,78.54307662907152
2024-10-30,414984.3,0.040162220657413705,78.6147834934758
2024-10-31,415151.0,0.040170194390487524,78.68653339921528
2024-11-01,415317.7,0.04015406442474667,78.75828330495476
2024-11-04,415484.5,0.0401620253603463,78.8300762520294
2024-11-05,415651.4,0.040169970239567476,78.90191224043926
2024-11-06,415818.4,0.040177899075999335,78.97379127018425
2024-11-07,415985.4,0.040161762923429656,79.04567029992926
2024-11-08,416159.9,0.041948587618700905,79.12077742981252
2024-11-11,416334.6,0.04197905660778822,79.19597064236609
2024-11-12,416509.3,0.04196144159049897,79.27116385491972
2024-11-13,416684.0,0.041943841350011724,79.34635706747332
2024-11-14,416858.8,0.041950254869393966,79.42159332136211
2024-11-18,417033.7,0.04195665294819406,79.49687261658609
2024-11-19,417208.7,0.04196303560120018,79.57219495314523
2024-11-21,417383.8,0.0419694028432227,79.64756033103953
2024-11-22,417558.9,0.041951795925010416,79.72292570893384
2024-11-25,417734.1,0.04195815249057322,79.79833412816333
2024-11-26,417909.3,0.0419405550085683,79.87374254739281
2024-11-27,418084.7,0.041970829555615374,79.94923704929266
2024-11-28,418260.1,0.04195322144053826,80.0247315511925
2024-11-29,418435.6,0.04195953666150665,80.10026909442753
2024-12-02,418611.2,0.04196583655884378,80.17584967899774
2024-12-03,418786.8,0.04194823263208303,80.25143026356791
2024-12-04,418962.5,0.04195452196678051,80.3270538894733
2024-12-05,419138.3,0.041960796013951196,80.40272055671385
2024-12-06,419314.2,0.04196705478836105,80.47843026528957
2024-12-09,419490.1,0.04194944983975102,80.55413997386529
2024-12-10,419666.1,0.04195569812017741,80.62989272377621
2024-12-11,419842.2,0.0419619311638586,80.70568851502232
2024-12-12,420018.3,0.041944330512744266,80.78148430626837
2024-12-13,420209.5,0.04552182607282518,80.86377933912614
2024-12-16,420400.8,0.045524910788552475,80.94611741331906
2024-12-17,420592.1,0.045504195044343554,81.02845548751199
2024-12-18,420783.5,0.045507274149958477,81.1108366030401
2024-12-19,420975.0,0.04551033964022011,81.19326075990338
2024-12-20,421166.6,0.045513391531559755,81.27572795810185
2024-12-23,421358.3,0.0455164298403643,81.35823819763547
2024-12-26,421741.9,0.09103890916590807,81.52334475937313
2024-12-27,421933.9,0.04552547422962405,81.60598412291229
2024-12-30,422125.9,0.04550475797275855,81.68862348645148
2025-01-02,422510.3,0.09106287958164927,81.8540743788705
2025-01-03,422702.6,0.045513683335052235,81.93684286641518
2025-01-06,422894.9,0.045492977805206,82.0196113539599
2025-01-07,423087.4,0.045519584180375716,82.10246592417496
2025-01-08,423280.0,0.04552250906078026,82.18536353572519
2025-01-09,423472.6,0.04550179550177891,82.2682611472754
2025-01-10,423665.4,0.04552832934174855,82.35124484149601
2025-01-13,423858.2,0.04550761048696117,82.43422853571658
2025-01-14,424051.1,0.04551050327679107,82.51725527127232
2025-01-15,424244.1,0.045513382703177285,82.60032504816326
2025-01-16,424437.2,0.04551624878226246,82.68343786638938
2025-01-17,424630.4,0.04551910153021144,82.76659372595067
2025-01-20,424823.6,0.045498391071374655,82.84974958551194
2025-01-21,425017.0,0.04552477781367692,82.93299152774358
2025-01-22,425210.4,0.045504062190460104,83.01623346997525
2025-01-23,425403.9,0.0455068831806571,83.09951845354206
2025-01-24,425597.6,0.045533197979596984,83.18288951977921
2025-01-27,425791.3,0.04551247469439801,83.26626058601639
2025-01-28,425985.1,0.04551525594815864,83.34967469358874
2025-01-29,426178.9,0.045494548987767836,83.43308880116109
2025-01-30,426372.9,0.045520789508812776,83.5165889914038
2025-01-31,426582.0,0.049041578392983176,83.60658842325816
2025-02-03,426791.2,0.04904098156979231,83.69663089644772
2025-02-04,427000.4,0.049016943179713834,83.78667336963727
2025-02-05,427209.8,0.049039766707470456,83.87680192549718
2025-02-06,427419.3,0.04903913721079345,83.96697352269227
2025-02-07,427628.9,0.04903849685777839,84.05718816122254
2025-02-10,427838.6,0.049037845664767765,84.14744584108796
2025-02-11,428048.4,0.04903718364823728,84.23774656228858
2025-02-12,428258.3,0.04903651082446281,84.32809032482436
2025-02-13,428468.3,0.04903582720989785,84.41847712869533
2025-02-14,428678.4,0.04903513282079608,84.50890697390147
2025-02-17,428888.7,0.04905775518431188,84.59942290177797
2025-02-18,429099.0,0.04903370035163057,84.68993882965445
2025-02-19,429309.4,0.04903297374265758,84.78049779886614
2025-02-20,429519.9,0.049032236424362274,84.87109980941298
2025-02-21,429730.6,0.04905477022134619,84.96178790263016
2025-02-24,429941.3,0.04903071831514616,85.05247599584737
2025-02-25,430152.1,0.04902994897209023,85.14320713039976
2025-02-26,430363.0,0.04902916898466003,85.23398130628732
2025-02-27,430574.1,0.049051614567230395,85.32484156484522
2025-02-28,430785.2,0.049027565754666824,85.41570182340314
2025-03-05,430996.5,0.04904996736192491,85.5066481646314
2025-03-06,431207.8,0.04902592016409191,85.59759450585965
2025-03-07,431419.3,0.04904827788365651,85.68862692975827
2025-03-10,431630.8,0.0490242323419432,85.77965935365688
2025-03-11,431842.5,0.049046546261299895,85.87077786022586
2025-03-12,432054.3,0.04904565900762936,85.96193940813
2025-03-13,432266.1,0.049021616032973725,86.05310095603413
2025-03-14,432478.1,0.04904386441593189,86.14434858660864
2025-03-17,432690.2,0.04904294575842627,86.23563925851832
2025-03-18,432902.4,0.04904201666688923,86.32697297176317
2025-03-19,433114.6,0.04901797726231116,86.418306685008
2025-03-20,433327.0,0.049040138568412495,86.50972648092323
2025-03-21,433554.7,0.052546921839624616,86.60773160112048
2025-03-24,433782.4,0.05251932455121455,86.70573672131769
2025-03-25,434010.3,0.052537862301460514,86.80382792418528
2025-03-26,434238.3,0.052533315453562324,86.90196216838804
2025-03-27,434466.4,0.052528761281545044,87.000139453926
2025-03-28,434694.6,0.05252419980001921,87.0983597807991
2025-03-31,434923.0,0.05254263568033046,87.19666619034257
2025-04-01,435151.4,0.05251504289265352,87.29497259988605
2025-04-02,435380.0,0.052533440085444916,87.39336509209986
2025-04-03,435608.7,0.05252882539390491,87.49180062564885
2025-04-04,435837.6,0.05254715987077496,87.59032224186821
2025-04-07,436066.5,0.05251956233238708,87.68884385808758
2025-04-08,436295.6,0.052537858331236365,87.78745155697725
2025-04-09,436524.8,0.05253319080000818,87.88610229720216
2025-04-10,436754.1,0.05252851613470888,87.9847960787622
2025-04-11,436983.5,0.05252383434981578,88.08353290165745
2025-04-14,437213.1,0.0525420296189516,88.18235580722302
2025-04-15,437442.7,0.0525144374676767,88.28117871278862
2025-04-16,437672.5,0.05253259455466619,88.38008770102456
2025-04-17,437902.4,0.052527860443607466,88.4790397305957
2025-04-22,438132.5,0.05254595544577079,88.57807784283716
2025-04-23,438362.6,0.05251835917217118,88.6771159550786
2025-04-24,438592.9,0.052536416199755465,88.77624014999046
2025-04-25,438823.3,0.05253163012897133,88.87540738623744
2025-04-28,439053.8,0.052526837111877,88.97461766381963
2025-04-29,439284.4,0.05252203716266113,89.073870982737
2025-04-30,439515.2,0.052539994591205286,89.1732103843247
2025-05-02,439746.1,0.052535156918342985,89.27259282724758
2025-05-05,439977.1,0.05253031237797412,89.37201831150563
2025-05-06,440208.2,0.05252546098422073,89.4714868370989
2025-05-07,440439.5,0.052543319274822586,89.57104144536248
2025-05-08,440670.8,0.05251572576936425,89.67059605362606
2025-05-09,440910.0,0.05428088269066045,89.77355092736863
2025-05-12,441149.3,0.05427411489873357,89.87654884244634
2025-05-13,441388.6,0.054244674081993516,89.97954675752406
2025-05-14,441628.2,0.054283232507601475,90.08267379660732
2025-05-15,441867.8,0.05425378180106133,90.18580083569057
2025-05-16,442107.6,0.05426962543999547,90.28901395744417
2025-05-19,442347.5,0.05426280842040221,90.39227012053297
2025-05-20,442587.6,0.05427859318747341,90.4956123662921
2025-05-21,442827.7,0.0542491475133966,90.59895461205126
2025-05-22,443068.0,0.05426489806306112,90.70238294048072
2025-05-23,443308.5,0.05428060704000259,90.80589735158058
2025-05-26,443549.0,0.05425115918147316,90.90941176268042
2025-05-27,443789.8,0.05428937952740576,91.01305529778578
2025-05-28,444030.6,0.05425992215233322,91.11669883289115
2025-05-29,444271.5,0.05425301769743651,91.22038540933171
2025-05-30,444512.6,0.05426861727568788,91.32415806844261
2025-06-02,444753.8,0.054261678971534444,91.42797376888869
2025-06-03,444995.2,0.05427722034079263,91.53187555200515
2025-06-04,445236.7,0.05427024830828575,91.63582037645675
2025-06-05,445478.3,0.05426327164854694,91.73980824224353
2025-06-06,445720.0,0.05425629037374424,91.8438391493655
2025-06-09,445961.9,0.05427174010590452,91.94795613915782
2025-06-10,446203.9,0.05426472530500881,92.05211617028533
2025-06-11,446446.1,0.054280117228899805,92.15636228408314
2025-06-12,446688.3,0.05425066990170091,92.260608397881
2025-06-13,446930.7,0.05426602845877149,92.3649405943492
2025-06-16,447173.3,0.054281346078921544,92.46935887348775
2025-06-17,447415.9,0.05425189741874448,92.57377715262632
2025-06-18,447658.7,0.05426718183239032,92.67828151443523
2025-06-20,447901.6,0.05426008698143914,92.7828289175793
2025-06-23,448148.6,0.05514604100542719,92.88914101546561
2025-06-24,448395.6,0.055115646908188154,92.99545311335193
2025-06-25,448642.8,0.055129889766991624,93.10185129390862
2025-06-26,448890.2,0.05514409236033746,93.20833555713565
2025-06-27,449137.7,0.055135977573139705,93.31486286169788
2025-06-30,449385.3,0.05512785945156473,93.42143320759526
2025-07-01,449633.0,0.05511973800655934,93.52804659482783
2025-07-02,449880.9,0.055133853609512506,93.63474606473075
2025-07-03,450128.9,0.055125701046665476,93.74148857596884
2025-07-04,450377.1,0.05513976107731633,93.84831716987728
2025-07-07,450625.4,0.055131577515821206,93.9551888051209
2025-07-08,450873.8,0.05512339073650008,94.0621034816997
2025-07-09,451122.4,0.055137379905434436,94.16910424094887
2025-07-10,451371.1,0.05512916228498366,94.27614804153318
2025-07-11,451620.0,0.05514309622394187,94.38327792478786
2025-07-14,451868.9,0.05511270537177371,94.49040780804255
2025-07-15,452118.1,0.0551487389373273,94.59766681530274
2025-07-16,452367.3,0.055118341866866594,94.70492582256296
2025-07-17,452616.7,0.05513219014725568,94.81227091249353
2025-07-18,452866.3,0.055145998810912644,94.91970208509444
2025-07-21,453115.9,0.055115604760169745,95.02713325769538
2025-07-22,453365.7,0.05512938301215353,95.13465051296666
2025-07-23,453615.7,0.05514312176682079,95.24225385090827
2025-07-24,453865.8,0.055134775978871176,95.34990023018506
2025-07-25,454116.0,0.05512642723906058,95.45758965079705
2025-07-28,454366.3,0.0551180755577807,95.5653221127442
2025-07-29,454616.8,0.05513172961990609,95.6731406573617
2025-07-30,454867.5,0.05514534438675334,95.78104528464957
2025-07-31,455118.3,0.055136935481203686,95.8889929532726
2025-08-01,455369.2,0.05512852372668853,95.99698366323084
2025-08-04,455620.2,0.05512010913342191,96.10501741452421
2025-08-05,455871.4,0.05513363981668462,96.21313724848797
2025-08-06,456122.7,0.055125195395011595,96.3213001237869
2025-08-07,456374.2,0.05513867211608403,96.42954908175616
2025-08-08,456625.8,0.05513019798226715,96.5378410810606
2025-08-11,456877.5,0.0551217211116839,96.64617612170025
2025-08-12,457129.4,0.055135129219552326,96.75459724501023
2025-08-13,457381.4,0.05512662278996938,96.86306140965539
2025-08-14,457633.6,0.055139977270601825,96.97161165697088
2025-08-15,457885.9,0.05513144139766002,97.0802049456216
2025-08-18,458138.3,0.055122902889115366,97.18884127560744
2025-08-19,458390.9,0.0551361892249691,97.29756368826368
2025-08-20,458643.6,0.05512762142527716,97.40632914225506
2025-08-21,458896.5,0.05514085446740591,97.51518067891682
2025-08-22,459149.5,0.055132257491607994,97.62407525691374
2025-08-25,459402.6,0.05512365798068242,97.73301287624582
2025-08-26,459655.9,0.05513682334405967,97.8420365782483
2025-08-27,459909.3,0.05512819480832931,97.95110332158592
2025-08-28,460162.8,0.05511956379224969,98.06021310625874
2025-08-29,460416.5,0.0551326617449277,98.16940897360189
2025-09-01,460670.4,0.05514572131972706,98.27869092361543
2025-09-02,460924.3,0.055115327574761785,98.38797287362893
2025-09-03,461178.4,0.05512835838770158,98.49734090631281
2025-09-04,461432.7,0.055141350939247324,98.60679502166703
2025-09-05,461687.1,0.05513263364298471,98.7162921783564
2025-09-08,461941.6,0.05512391401016892,98.82583237638099
2025-09-09,462196.3,0.05513683980833406,98.93545865707591
2025-09-10,462451.1,0.05512809167880217,99.04512797910601
2025-09-11,462706.1,0.055140965174471646,99.15488338380646
2025-09-12,462961.2,0.055132188661444204,99.26468182984212
2025-09-15,463216.4,0.05512340990994069,99.37452331721295
2025-09-16,463471.8,0.05513621711148442,99.48445088725408
2025-09-17,463727.3,0.0551274101250554,99.59442149863042
2025-09-18,463982.9,0.055118600953618646,99.70443515134195
2025-09-19,464238.8,0.05515289464330664,99.814577928059
2025-09-22,464494.7,0.055122492992842886,99.92472070477605
2025-09-23,464750.8,0.05513518238204895,100.03494956416344
2025-09-24,465007.0,0.0551263171574945,100.14522146488605
2025-09-25,465263.4,0.055138954897460124,100.25557944827898
2025-09-26,465519.9,0.05513006181014912,100.36598047300708
2025-09-29,465776.5,0.05512116667836242,100.47642453907035
2025-09-30,466033.3,0.055133739035784224,100.58695468780398
2025-10-01,466290.2,0.055124816188034664,100.69752787787283
2025-10-02,466547.3,0.055137337220467764,100.80818715061196
2025-10-03,466804.5,0.055128386768066306,100.91888946468632
2025-10-06,467061.9,0.05514085661129098,101.02967786143103
2025-10-07,467319.4,0.05513187866532654,101.14050929951088
2025-10-08,467577.0,0.055122898813952936,101.25138377892596
2025-10-09,467834.8,0.055135303917852596,101.36234434101135
2025-10-10,468092.7,0.05512629671842184,101.47334794443195
2025-10-13,468350.8,0.05513865095523318,101.58443763052287
2025-10-14,468609.0,0.055129616518212465,101.69557035794897
2025-10-15,468867.3,0.05512058027055122,101.80674612671025
2025-10-16,469125.8,0.05513287021723379,101.91800797814187
2025-10-17,469384.4,0.05512380687653362,102.02931287090871
2025-10-20,469643.2,0.05513604627678248,102.1407038463459
2025-10-21,469902.1,0.055126955952933265,102.25213786311822
2025-10-22,470161.2,0.055139144941040996,102.36365796256095
2025-10-23,470420.4,0.05513002774368836,102.47522110333884
2025-10-24,470679.8,0.05514216645365888,102.58687032678702
2025-10-27,470939.3,0.055133022492137584,102.69856259157044
2025-10-28,471198.9,0.05512387689878828,102.81029789768903
2025-10-29,471458.7,0.05513595214250433,102.922119286478
2025-10-30,471718.6,0.05512677992791648,103.03398371660207
2025-10-31,471978.6,0.055117606132126795,103.14589118806134
2025-11-03,472238.8,0.055129618164895255,103.257884742191
2025-11-04,472499.2,0.05514159361748039,103.36996437899101
2025-11-05,472759.7,0.05513236847809466,103.48208705712621
2025-11-06,473020.3,0.05512314184139555,103.59425277659655
2025-11-07,473281.1,0.05513505445748912,103.70650457873722
2025-11-10,473542.0,0.055125801558530974,103.81879942221315
2025-11-11,473803.1,0.055137664663318375,103.93118034835935
2025-11-12,474064.3,0.055128385609970465,104.04360431584077
2025-11-13,474325.7,0.055140199335834694,104.15611436599255
2025-11-14,474587.2,0.05513089423574424,104.2686674574795
2025-11-17,474848.8,0.055121587771433944,104.3812635903016
2025-11-18,475110.6,0.05513333928610642,104.49394580579403
2025-11-19,475372.5,0.055124006915452384,104.60667106262171
2025-11-21,475634.6,0.05513570936475087,104.71948240211968
2025-11-24,475896.8,0.055126351194800804,104.8323367829529
2025-11-25,476159.2,0.05513800471026453,104.94527724645644
2025-11-26,476421.7,0.055128620847821885,105.05826075129514
2025-11-27,476684.4,0.05514022556067921,105.17133033880421
2025-11-28,476947.2,0.055130816112303194,105.2844429676484
2025-12-01,477210.1,0.05512140547212496,105.3975986378278
2025-12-02,477473.2,0.05513294877874664,105.51084039067761
2025-12-03,477736.4,0.05512351269139071,105.62412518486255
2025-12-04,477999.8,0.05513500750622402,105.73749606171785
2025-12-05,478263.4,0.05514646658848488,105.85095302124353
2025-12-08,478527.0,0.05511607202224322,105.96440998076915
2025-12-09,478790.8,0.05512750586695869,106.07795302296515
2025-12-10,479054.8,0.055138904089213625,106.19158214783151
2025-12-11,479318.9,0.055129392294994695,106.30525431403304
2025-12-12,479583.2,0.05514074241594891,106.41901256290494
2025-12-15,479847.6,0.05513120559685891,106.532813853112
2025-12-16,480112.1,0.05512166779619854,106.64665818465421
2025-12-17,480376.8,0.05513295749055569,106.76058859886682
2025-12-18,480641.6,0.05512339480173711,106.87456205441457
2025-12-19,480906.6,0.055134636702280915,106.9886215926327
2025-12-22,481171.8,0.05514584328849548,107.10276721352119
2025-12-23,481437.0,0.055115449409126605,107.21691283440968
2025-12-26,481968.0,0.11029480492774635,107.44546232419769
2025-12-29,482233.7,0.05512814128738608,107.55982315176205
2025-12-30,482499.6,0.055139240579826776,107.67427006199672
2026-01-02,483031.8,0.11030060957564203,107.90333604780686
2026-01-05,483298.1,0.05513094583007305,108.01795512338228
2026-01-06,483564.5,0.055121259529067324,108.1326172402929
2026-01-07,483831.1,0.05513225226416729,108.24736543987386
2026-01-08,484097.8,0.05512254172996833,108.36215668078997
2026-01-09,484364.7,0.05513348748951152,108.47703400437645
2026-01-12,484631.8,0.05514439842539964,108.5919974106333
2026-01-13,484898.9,0.05511400613826822,108.7069608168901
2026-01-14,485166.3,0.05514551590031225,108.82205334715249
2026-01-15,485433.8,0.05513573387103676,108.93718891875
2026-01-16,485701.4,0.055125951262557926,109.05236753168275
2026-01-19,485969.2,0.05513675686337205,109.16763222728582
2026-01-20,486237.1,0.05512695043223825,109.28293996422403
2026-01-21,486505.1,0.0551171434676645,109.39829074249747
2026-01-22,486773.3,0.05512789074564317,109.51372760344125
2026-01-23,487041.7,0.055138603534743424,109.62925054705539
2026-01-26,487310.2,0.0551287497559283,109.74481653200469
2026-01-27,487578.9,0.05513941633070729,109.86046859962437
2026-01-28,487847.7,0.055129539034592945,109.97616370857916
2026-01-29,488116.7,0.0551401595211054,110.09194490020437
2026-01-30,488385.8,0.05513025880901079,110.20776913316475
2026-02-02,488655.0,0.0551203577171977,110.32363640746028
2026-02-03,488924.4,0.05513092058815339,110.43958976442619
2026-02-04,489193.9,0.05512099621127753,110.55558616272725
2026-02-05,489463.7,0.055151955083654336,110.67171168503384
2026-02-06,489733.5,0.0551215544686956,110.78783720734044
2026-02-09,490003.5,0.05513202588753874,110.90404881231741
2026-02-10,490273.6,0.05512205525062264,111.02030345862954
2026-02-11,490543.9,0.055132481128916666,111.13664418761205
2026-02-12,490814.4,0.05514287304357879,111.25307099926486
2026-02-13,491085.0,0.05513285673770518,111.3695408522529
2026-02-18,491355.7,0.055122840241517146,111.48605374657609
2026-02-19,491626.6,0.05513317541649965,111.60265272356962
2026-02-20,491897.6,0.055123136136248085,111.71929474189835
2026-02-23,492168.8,0.05513342614398287,111.83602284289739
2026-02-24,492440.2,0.055143682411396,111.95283702656687
2026-02-25,492711.7,0.05513359794753203,112.06969425157145
2026-02-26,492983.3,0.05512351340550836,112.18659451791125
2026-02-27,493255.1,0.05513371345438056,112.30358086692137
2026-03-02,493527.0,0.055123606425966365,112.42061025726669
2026-03-03,493799.1,0.05513376167869399,112.53772573028233
2026-03-04,494071.3,0.055123632262588096,112.6548842446332
2026-03-05,494343.7,0.055133742842383704,112.77212884165438
2026-03-06,494616.3,0.05514381997788753,112.88945952134593
2026-03-09,494888.9,0.05511342832817956,113.00679020103748
2026-03-10,495161.8,0.05514368982613149,113.12425000473456
2026-03-11,495434.8,0.0551334937388237,113.24175284976681
2026-03-12,495707.9,0.055123297757853074,113.35929873613426
2026-03-13,495981.2,0.05513327505977106,113.47693070517204
2026-03-16,496254.6,0.05512305708361698,113.59460571554499
2026-03-17,496528.2,0.05513299020301066,113.7123668085883
2026-03-18,496802.0,0.05514289017218843,113.83021398430198
2026-03-19,497075.9,0.0551326282905551,113.94810420135082
2026-03-20,497345.6,0.054257307586214054,114.06418668232226
2026-03-23,497615.5,0.05426809848121383,114.18035524596402
2026-03-24,497885.5,0.05425876002655983,114.29656685094099
2026-03-25,498155.7,0.054269505739767965,114.41286453858828
2026-03-26,498426.1,0.05428021801214822,114.52924830890593
2026-03-27,498696.5,0.05425077057561456,114.6456320792236
2026-03-30,498967.2,0.05428151190152164,114.7621449735468
2026-03-31,499237.9,0.05425206306146624,114.87865786786999
2026-04-01,499508.8,0.05426270721833326,114.99525684486356
2026-04-02,499779.9,0.05427331810772262,115.11194190452744
2026-04-06,500051.1,0.05426388696303519,115.2286700055265
2026-04-07,500322.5,0.05427445315089319,115.34548418919597
2026-04-08,500594.0,0.05426499907559279,115.46234141420055
2026-04-09,500865.6,0.05425554441322866,115.57924168054035
2026-04-10,501137.4,0.05426605460627787,115.69622802955047
2026-04-13,501409.4,0.05427653174558955,115.81330046123095
2026-04-14,501681.5,0.05426703208994965,115.93041593424664
2026-04-15,501953.7,0.05425753192016547,116.04757444859746
2026-04-16,502226.1,0.0542679533988899,116.16481904561864
2026-04-17,502498.7,0.05427834196589654,116.28214972531023
2026-04-20,502771.3,0.054248896564312865,116.39948040500174
2026-04-22,503044.2,0.05427915237008474,116.51694020869883
2026-04-23,503317.2,0.054269585058341896,116.63444305373112
2026-04-24,503590.3,0.054260017340945765,116.75198894009853
2026-04-27,503863.6,0.054270306636161614,116.8696209091363
2026-04-28,504137.0,0.05426071659075937,116.98729591950925
2026-04-29,504410.6,0.054270962059921324,117.10505701255256
2026-04-30,504684.3,0.054261349781303814,117.22286114693108
2026-05-04,504953.8,0.05339971938893573,117.33885754523214
2026-05-05,505223.4,0.05339102309953603,117.45489698486841
2026-05-06,505493.2,0.05340211874589329,117.57102250717502
2026-05-07,505763.2,0.05341318142360052,117.68723411215198
2026-05-08,506033.2,0.053384666974576334,117.80344571712891
2026-05-11,506303.4,0.053395706052494774,117.91974340477624
2026-05-12,506573.8,0.05340671225988469,118.03612717509387
2026-05-13,506844.3,0.0533979451760036,118.15255398674674
2026-05-14,507115.0,0.053408906837870695,118.26906688106993
2026-05-15,507385.8,0.05340011634442643,118.38562281672829
2026-05-18,507656.7,0.053391324707940946,118.50222179372184
2026-05-19,507927.8,0.053402230286714314,118.61890685338574
2026-05-20,508199.0,0.0533934153633675,118.73563495438479
2026-05-21,508470.4,0.053404276671153994,118.85244913805425
2026-05-22,508741.9,0.053395438554537655,118.96930636305885
2026-05-25,509013.6,0.0534062557064674,119.0862496707338
2026-05-26,509285.4,0.05339739449006231,119.20323601974397
2026-05-27,509557.4,0.05340816760111,119.32030845142445
2026-05-28,509829.5,0.05339928337808608,119.4374239244401
2026-05-29,510101.7,0.05339039816252278,119.55458243879092
2026-06-01,510374.1,0.053401115895113094,119.6718270358121
2026-06-02,510646.6,0.053392207794233926,119.78911467416849
2026-06-03,510919.3,0.05340288175814667,119.9064883951952
2026-06-05,511192.2,0.05341352342729255,120.02394819889228
2026-06-08,511465.1,0.05338500861318263,120.14140800258937
2026-06-09,511738.3,0.053415179256610656,120.25899693029199
2026-06-10,512011.5,0.05338666267504788,120.3765858579946
2026-06-11,512284.9,0.053397238147967485,120.49426086836759
2026-06-12,512558.5,0.05340778149034442,120.61202196141085
2026-06-15,512832.2,0.053398782773084186,120.72982609578938
2026-06-16,513106.0,0.05338978324682664,120.84767327150306
2026-06-17,513380.0,0.053400272068548915,120.96560652988705
2026-06-18,513654.2,0.05341072889477605,121.08362587094143
2026-06-19,513924.0,0.05252560964166264,121.19975139324804
2026-06-22,514194.0,0.052536950988857356,121.315962998225
2026-06-23,514464.1,0.0525288120825973,121.43221764453709
2026-06-24,514734.3,0.05252067151042539,121.54851533218442
2026-06-25,515004.7,0.05253195677847877,121.66489910250209
2026-06-26,515275.3,0.05254320979983795,121.78136895549012
2026-06-29,515545.9,0.05251561640933211,121.89783880847811
2026-06-30,515816.8,0.05254624273027808,122.01443778547167
2026-07-01,516087.7,0.05251864615498647,122.13103676246524
2026-07-02,516358.8,0.052529831654579695,122.24772182212908
2026-07-03,516630.1,0.052540985066973356,122.36449296446335
2026-07-06,516901.5,0.05253275022110149,122.48130714813281
2026-07-07,517173.0,0.05252451385806545,122.5981643731374
2026-07-08,517444.7,0.052535611874549026,122.71510768081235
2026-07-09,517716.5,0.052527352198206145,122.83209402982247
2026-07-10,517988.5,0.05253840663761444,122.949166461503
2026-07-13,518260.6,0.05253012373827026,123.06628193451866
2026-07-14,518532.8,0.052521839398944614,123.18344044886946
2026-07-15,518805.2,0.05253283880981563,123.30068504589069
2026-07-16,519077.7,0.052524531365527594,123.41797268424708
2026-07-17,519350.4,0.05253548746171344,123.5353464052738
2026-07-20,519623.2,0.052527157002280056,123.65276316763567
2026-07-21,519896.2,0.05253806989371501,123.77026601266796
2026-07-22,520169.3,0.0525297165087979,123.88781189903537
2026-07-23,520169.31,1.9224510205972933e-06,123.88781620316887
